Id,year,brand,price,distance_travelled(kms),fuel_type,new_and_less_used
0,2016,Honda,425000,9680,Petrol,0
1,2012,Nissan,325000,119120,Diesel,0
2,2017,Toyota,2650000,64593,Diesel,0
3,2017,Mercedes-Benz,4195000,25000,Diesel,1
4,2012,Hyundai,475000,23800,Diesel,0
5,2012,Hyundai,335000,45000,Petrol,0
6,2019,Toyota,750000,19500,Petrol,1
7,2018,Mercedes-Benz,5500000,32000,Diesel,0
8,2017,Hyundai,565000,44329,Petrol,0
9,2015,Maruti Suzuki,510000,48286,Petrol,0
10,2015,Hyundai,465000,24935,Petrol,0
11,2016,Toyota,1485000,59758,Diesel,0
12,2017,Maruti Suzuki,610000,40119,Petrol,0
13,2016,Renault,365000,22625,Petrol,0
14,2017,Maruti Suzuki,699000,16540,Petrol,1
15,2016,Hyundai,595000,41280,Petrol,0
16,2016,Toyota,1035000,97679,Petrol,0
17,2015,Maruti Suzuki,575000,43000,Diesel,0
18,2015,Volkswagen,480000,14846,Petrol,0
19,2017,Honda,749000,28771,Petrol,1
20,2018,Honda,749000,33443,Petrol,0
21,2010,Maruti Suzuki,265000,24000,Petrol,0
22,2013,Hyundai,340000,44380,Petrol,0
23,2016,Skoda,675000,58000,Diesel,0
24,2016,Honda,685000,69380,Diesel,0
25,2016,Maruti Suzuki,445000,39500,Petrol,0
26,2012,BMW,925000,74460,Diesel,0
27,2017,Mercedes-Benz,4550000,42442,Diesel,0
28,2014,Volkswagen,485000,65327,Petrol,0
29,2016,Honda,635000,19768,Petrol,0
30,2016,Tata,215000,2814,Petrol,0
31,2015,Hyundai,445000,20100,Petrol,0
32,2015,Mercedes-Benz,1950000,52717,Diesel,0
33,2015,Hyundai,445000,20100,Petrol,0
34,2012,Maruti Suzuki,275000,46646,Petrol,0
35,2014,Audi,1875000,49000,Diesel,0
36,2018,Mercedes-Benz,5500000,32000,Diesel,0
37,2020,BMW,3500000,5550,Petrol,1
38,2010,BMW,2900000,48000,Petrol,0
39,2016,Audi,1525000,31000,Diesel,0
40,2012,Audi,975000,61000,Petrol,0
41,2014,BMW,2350000,65000,Diesel,0
42,2010,Bentley,7600000,49000,Petrol,0
43,2014,Audi,1470000,78000,Diesel,0
44,2010,Audi,1550000,82000,Diesel,0
45,2017,Mercedes-Benz,2350000,24000,Petrol,1
46,2013,Mercedes-Benz,3850000,6000,Petrol,0
47,2016,Mercedes-Benz,2000000,33000,Petrol,0
48,2014,Audi,2250000,107000,Diesel,0
49,2015,BMW,2125000,71000,Diesel,0
50,2015,Mercedes-Benz,1900000,94000,Diesel,0
51,2012,Mercedes-Benz,1250000,55000,Petrol,0
52,2013,Audi,1150000,79000,Diesel,0
53,2014,Audi,1550000,71000,Diesel,0
54,2012,Mercedes-Benz,1125000,65000,Petrol,0
55,2018,Mercedes-Benz,4250000,34000,Petrol,0
56,2013,Audi,2175000,80000,Diesel,0
57,2010,Mercedes-Benz,975000,67000,Petrol,0
58,2009,BMW,1850000,27000,Petrol,0
59,2014,Audi,1650000,76000,Diesel,0
60,2018,Ford,2900000,11100,Diesel,1
61,2006,Maruti Suzuki,175000,79915,Petrol,0
62,2013,Maruti Suzuki,449000,67664,Diesel,0
63,2016,Mahindra,1275000,72000,Diesel,0
64,2018,BMW,2500000,33500,Diesel,0
65,2016,BMW,4850000,26700,Petrol,0
66,2017,Jaguar,3700000,45700,Diesel,0
67,2018,Jaguar,3500000,23500,Diesel,1
68,2012,Lamborghini,12500000,14500,Petrol,0
69,2020,MINI,3850000,6517,Petrol,1
70,2014,Mercedes-Benz,2700000,22000,Petrol,0
71,2017,Mercedes-Benz,2900000,44000,Diesel,0
72,2018,Audi,3750000,22000,Diesel,1
73,2015,BMW,3700000,66000,Diesel,0
74,2015,BMW,3700000,48000,Diesel,0
75,2013,BMW,2900000,59000,Diesel,0
76,2012,Land Rover,1900000,127000,Diesel,0
77,2018,Land Rover,4900000,19500,Diesel,1
78,2018,Land Rover,4800000,29500,Diesel,1
79,2016,Mercedes-Benz,5700000,56500,Diesel,0
80,2015,Renault,565000,85400,Diesel,0
81,2013,Honda,418000,98602,Petrol,0
82,2016,Mercedes-Benz,2150000,28000,Petrol,0
83,2021,Hyundai,2095000,7500,Diesel,1
84,2016,Jaguar,3750000,33000,Diesel,0
85,2021,Hyundai,2050000,4500,Petrol,1
86,2015,BMW,1825000,65000,Diesel,0
87,2008,Audi,850000,84500,Diesel,0
88,2011,Mercedes-Benz,1650000,55000,Diesel,0
89,2012,Audi,1350000,99000,Diesel,0
90,2012,Audi,2750000,25000,Diesel,0
91,2011,BMW,1650000,65000,Petrol,0
92,2012,Mercedes-Benz,1950000,71000,Diesel,0
93,2013,Mercedes-Benz,1050000,67000,Petrol,0
94,2007,BMW,425000,48000,Diesel,0
95,2016,Mercedes-Benz,5700000,56500,Diesel,0
96,2012,Land Rover,1900000,127000,Diesel,0
97,2018,Land Rover,4900000,19500,Diesel,1
98,2018,Land Rover,4800000,29500,Diesel,1
99,2010,Mercedes-Benz,1050000,55000,Petrol,0
100,2015,Mercedes-Benz,1375000,61000,Diesel,0
101,2019,BMW,3499000,26000,Diesel,1
102,2019,BMW,4975000,25000,Diesel,1
103,2010,Toyota,375000,46000,Petrol,0
104,2010,Audi,999000,59000,Petrol,0
105,2015,Land Rover,2600000,77000,Diesel,0
106,2017,Toyota,1575000,60000,Diesel,0
107,2014,Toyota,950000,91000,Diesel,0
108,2015,MINI,2500000,14000,Diesel,0
109,2017,Nissan,690000,21000,Petrol,1
110,2017,Ford,2975000,12000,Diesel,1
111,2008,BMW,450000,70000,Petrol,0
112,2016,Hyundai,1090000,39000,Petrol,0
113,2012,BMW,1675000,59000,Diesel,0
114,2014,Honda,1200000,108200,Petrol,0
115,2014,Land Rover,1950000,61000,Diesel,0
116,2015,Maruti Suzuki,575000,52000,Petrol,0
117,2010,Chevrolet,115000,82000,Petrol,0
118,2017,Toyota,1760000,56089,Diesel,0
119,2014,Audi,1650000,45095,Diesel,0
120,2017,Mahindra,575000,12321,Diesel,1
121,2017,Mahindra,1325000,67894,Diesel,0
122,2014,Renault,625000,44835,Diesel,0
123,2013,Toyota,1451000,118363,Diesel,0
124,2015,Hyundai,525000,98877,Petrol,0
125,2019,Datsun,310000,41298,Petrol,0
126,2016,Maruti Suzuki,675000,57209,Diesel,0
127,2017,Honda,610000,49390,Petrol,0
128,2013,Nissan,345000,30477,Petrol,0
129,2012,Volkswagen,325000,49000,Petrol,0
130,2016,Tata,465000,19000,Petrol,0
131,2020,Tata,815000,7500,Petrol,1
132,2018,Mahindra,775000,54989,Diesel,0
133,2017,Maruti Suzuki,891000,22388,Diesel,1
134,2015,Honda,660000,46475,Petrol,0
135,2014,Toyota,350000,31913,Petrol,0
136,2015,Hyundai,470000,55474,Petrol,0
137,2014,Ford,335000,68051,Diesel,0
138,2011,Honda,345000,44000,Petrol,0
139,2011,Honda,345000,36500,Petrol,0
140,2018,MINI,3445000,3900,Diesel,1
141,2012,Skoda,335000,37000,Petrol,0
142,2018,Hyundai,790000,42000,Diesel,0
143,2019,Jeep,1450000,39500,Diesel,0
144,2017,Hyundai,595000,32000,Petrol,0
145,2012,Maruti Suzuki,315000,56452,Petrol,0
146,2015,Mercedes-Benz,2500000,22341,Diesel,0
147,2018,Mahindra,655000,85000,Diesel,0
148,2018,Mahindra,675000,58000,Diesel,0
149,2014,Mercedes-Benz,1750000,21212,Diesel,0
150,2012,Maruti Suzuki,315000,68890,Petrol,0
151,2016,Porsche,7800000,31000,Diesel,0
152,2012,Honda,489000,49000,Petrol,0
153,2007,Mercedes-Benz,375000,115140,Petrol,0
154,2013,Audi,1600000,74000,Diesel,0
155,2014,Audi,2800000,54500,Diesel,0
156,2015,BMW,2350000,77000,Diesel,0
157,2013,Audi,1450000,63700,Diesel,0
158,2013,Audi,1650000,64000,Diesel,0
159,2018,Audi,2800000,43000,Diesel,0
160,2020,Land Rover,5900000,9000,Diesel,1
161,2016,Volvo,1750000,78000,Diesel,0
162,2011,Chevrolet,171000,31000,Petrol,0
163,2011,Skoda,390000,54000,Petrol,0
164,2009,Toyota,525000,65000,Diesel,0
165,2015,Toyota,1050000,18000,Diesel,0
166,2015,Mahindra,890000,53000,Diesel,0
167,2015,Honda,1325000,42000,Petrol,0
168,2020,Hyundai,1990000,7800,Diesel,1
169,2017,Hyundai,550000,20000,Petrol,1
170,2018,Maruti Suzuki,785000,27000,Diesel,1
171,2013,Audi,2050000,43000,Diesel,0
172,2015,BMW,2350000,37000,Diesel,0
173,2018,Mahindra,1445000,34000,Diesel,0
174,2017,Hyundai,995000,38000,Petrol,0
175,2017,Mercedes-Benz,4300000,17000,Petrol,1
176,2018,Mahindra,1445000,34000,Diesel,0
177,2017,Hyundai,995000,38000,Petrol,0
178,2009,Toyota,525000,65000,Diesel,0
179,2011,Chevrolet,171000,31000,Petrol,0
180,2017,Hyundai,550000,20000,Petrol,1
181,2020,Hyundai,1990000,7800,Diesel,1
182,2020,Hyundai,2025000,9000,Petrol,1
183,2014,Mercedes-Benz,4700000,49000,Diesel,0
184,2019,Hyundai,1550000,10500,Petrol,1
185,2018,Honda,640000,33000,Petrol,0
186,2013,Maruti Suzuki,399000,47284,Petrol,0
187,2015,Volkswagen,521000,62618,Petrol,0
188,2020,Mercedes-Benz,4750000,4200,Diesel,1
189,2017,Hyundai,675000,31414,Petrol,0
190,2016,Hyundai,650000,24694,Petrol,0
191,2013,Hyundai,325000,29708,Petrol,0
192,2012,Toyota,375000,40200,Petrol,0
193,2015,Toyota,1030000,156334,Diesel,0
194,2013,Maruti Suzuki,365000,32000,Petrol,0
195,2021,Maruti Suzuki,900000,350,Petrol,1
196,2015,Tata,495000,61649,Diesel,0
197,2016,Honda,855000,28367,Petrol,0
198,2019,Maruti Suzuki,985000,33997,Diesel,0
199,2011,Honda,465000,47209,Petrol,0
200,2013,Hyundai,675000,62812,Diesel,0
201,2014,Maruti Suzuki,645000,52204,Petrol,0
202,2011,Honda,295000,39295,Petrol,0
203,2017,Hyundai,521000,54803,Petrol,0
204,2014,Toyota,975000,150116,Diesel,0
205,2016,Maruti Suzuki,621000,48968,Petrol,0
206,2017,Maruti Suzuki,895000,43494,Diesel,0
207,2017,Nissan,635000,41584,Petrol,0
208,2016,Hyundai,1145000,56839,Diesel,0
209,2012,Hyundai,315000,34600,Petrol,0
210,2014,Renault,545000,77082,Diesel,0
211,2016,Maruti Suzuki,615000,52000,Diesel,0
212,2014,Audi,1455000,65000,Diesel,0
213,2012,Hyundai,349000,84000,Diesel,0
214,2017,Maruti Suzuki,775000,39535,Diesel,0
215,2015,Toyota,499000,39792,Petrol,0
216,2016,Toyota,1095000,31552,Petrol,0
217,2015,Hyundai,725000,37399,Petrol,0
218,2012,Toyota,765000,158359,Diesel,0
219,2016,Maruti Suzuki,699000,22272,Petrol,0
220,2017,Mahindra,1545000,39700,Diesel,0
221,2017,Hyundai,1195000,30958,Petrol,0
222,2018,Honda,895000,32202,Diesel,0
223,2018,Land Rover,4190000,65000,Diesel,0
224,2018,Mercedes-Benz,3000000,10000,Diesel,1
225,2020,Volkswagen,1025000,2608,Petrol,1
226,2021,Skoda,3495000,7500,Petrol,1
227,2018,Mercedes-Benz,2795000,34000,Diesel,0
228,2016,Mahindra,1325000,41000,Diesel,0
229,2007,Honda,290000,195000,Petrol,0
230,2017,Hyundai,1100000,43100,Petrol,0
231,2018,Mercedes-Benz,2650000,17300,Petrol,1
232,2012,Honda,450000,61700,Petrol,0
233,2016,Maruti Suzuki,650000,68003,Diesel,0
234,2016,Mercedes-Benz,2200000,85000,Diesel,0
235,2009,Hyundai,197000,98000,Diesel,0
236,2014,BMW,1275000,45000,Diesel,0
237,2015,Volkswagen,615000,33000,Petrol,0
238,2018,Honda,1045000,4000,Petrol,1
240,2018,Honda,1051000,47000,Petrol,0
241,2018,Maruti Suzuki,975000,19000,Diesel,1
242,2015,Hyundai,695000,30000,Diesel,0
243,2012,Mahindra,567000,88000,Diesel,0
244,2018,BMW,5675000,21000,Diesel,1
245,2018,Land Rover,4500000,40000,Diesel,0
246,2010,Maruti Suzuki,145000,78500,Petrol,0
247,2019,Tata,475000,11733,Petrol,1
248,2013,Hyundai,450000,41931,Petrol,0
249,2018,Mercedes-Benz,5175000,14880,Diesel,1
250,2014,Honda,300000,41606,Petrol,0
251,2018,Jeep,1650000,16000,Petrol,1
252,2012,Jaguar,2050000,27300,Diesel,0
253,2017,BMW,2700000,18500,Diesel,1
254,2014,Skoda,445000,32000,Petrol,0
255,2013,Maruti Suzuki,215000,56567,Petrol,0
256,2014,Hyundai,365000,51000,Petrol,0
257,2015,Toyota,925000,790000,Diesel,0
258,2009,Hyundai,150000,43000,Petrol,0
259,2009,Honda,260000,83000,Petrol,0
260,2011,Mahindra,465000,720000,Diesel,0
261,2015,MINI,1700000,45000,Petrol,0
262,2017,Mahindra,1200000,28000,Diesel,1
263,2017,Hyundai,975000,55000,Petrol,0
264,2017,Maruti Suzuki,825000,39000,Diesel,0
265,2016,BMW,2500000,20000,Diesel,0
266,2008,Honda,390000,97000,Petrol,0
267,2019,BMW,5500000,18000,Petrol,1
268,2015,Datsun,260000,54000,Petrol,0
269,2012,Volkswagen,590000,88000,Diesel,0
270,2014,BMW,1390000,66000,Diesel,0
271,2010,Honda,265000,57000,Petrol,0
272,2007,Maruti Suzuki,62500,75000,Petrol,0
273,2018,Mercedes-Benz,3500000,13000,Diesel,1
274,2017,Mahindra,1175000,59700,Diesel,0
275,2015,Volkswagen,565000,57000,Petrol,0
276,2014,Hyundai,385000,34000,Petrol,0
277,2014,Honda,450000,68000,Petrol,0
278,2020,Hyundai,1875000,8000,Petrol,1
279,2018,Mahindra,545000,32000,Diesel,0
280,2012,Volkswagen,615000,59000,Diesel,0
281,2012,Tata,65000,18000,Petrol,0
282,2017,Mahindra,1050000,68000,Diesel,0
283,2016,Maruti Suzuki,599000,53357,Diesel,0
284,2016,Hyundai,425000,64000,Diesel,0
285,2017,Toyota,2990000,38000,Diesel,0
286,2012,Mercedes-Benz,1260000,54000,Petrol,0
287,2016,Skoda,1650000,51000,Petrol,0
288,2018,Honda,1025000,31000,Petrol,0
289,2012,Honda,299000,85000,Petrol,0
290,2021,Tata,2190000,5500,Diesel,1
291,2015,Ford,495000,69000,Petrol,0
292,2018,Honda,890000,17000,Petrol,1
293,2013,Maruti Suzuki,350000,72000,Diesel,0
294,2017,Maruti Suzuki,525000,60000,Petrol,0
295,2019,Honda,1200000,30500,Petrol,0
296,2020,Renault,445000,11000,Petrol,1
297,2017,Mercedes-Benz,2700000,41000,Diesel,0
298,2017,Ford,575000,60956,Petrol,0
299,2018,Hyundai,655000,30834,Petrol,0
300,2017,Honda,575000,28000,Petrol,1
301,2018,Maruti Suzuki,790000,39000,Diesel,0
302,2014,Maruti Suzuki,345000,65000,Petrol,0
303,2015,Hyundai,835000,69000,Diesel,0
304,2015,BMW,3700000,66000,Diesel,0
305,2015,BMW,3700000,48000,Diesel,0
306,2013,BMW,2900000,59000,Diesel,0
307,2018,BMW,2500000,33500,Diesel,0
308,2016,BMW,4850000,26700,Petrol,0
309,2017,Jaguar,3700000,45700,Diesel,0
310,2018,Jaguar,3500000,23500,Diesel,1
311,2012,Lamborghini,12500000,14500,Petrol,0
312,2020,MINI,3850000,6517,Petrol,1
313,2014,Mercedes-Benz,2700000,22000,Petrol,0
314,2017,Mercedes-Benz,2900000,44000,Diesel,0
315,2018,Audi,3750000,22000,Diesel,1
316,2013,Audi,1675000,50000,Diesel,0
317,2020,MG,1950000,4500,Petrol,1
318,2018,Maruti Suzuki,769000,47201,Diesel,0
319,2017,Maruti Suzuki,825000,18500,Diesel,1
320,2017,Renault,345000,17453,Petrol,1
321,2015,Audi,1650000,67000,Diesel,0
322,2019,Hyundai,975000,18854,Petrol,1
323,2017,Tata,395000,32445,Petrol,0
324,2012,Maruti Suzuki,245000,66000,Diesel,0
325,2020,Hyundai,1690000,14320,Petrol,1
326,2017,Maruti Suzuki,825000,18500,Diesel,1
327,2020,Maruti Suzuki,860000,12240,Petrol,1
329,2015,Audi,1650000,67000,Diesel,0
330,2014,Renault,445000,71000,Diesel,0
331,2017,Renault,345000,17453,Petrol,1
332,2020,Maruti Suzuki,565000,7823,Petrol,1
333,2020,Maruti Suzuki,1085000,8000,Diesel,1
334,2014,Honda,300000,41606,Petrol,0
335,2013,Audi,1675000,50000,Diesel,0
336,2019,Hyundai,975000,18854,Petrol,1
337,2012,Maruti Suzuki,245000,66000,Diesel,0
338,2020,Hyundai,1690000,14320,Petrol,1
339,2014,Hyundai,365000,40000,Petrol,0
340,2015,Audi,1975000,75000,Diesel,0
341,2019,Hyundai,1475000,10000,Petrol,1
342,2017,Audi,5900000,31000,Diesel,0
343,2019,Audi,3100000,14000,Diesel,1
344,2018,BMW,2750000,21000,Diesel,1
345,2017,Ford,7200000,17000,Petrol,1
346,2015,Mercedes-Benz,3750000,32000,Petrol,0
347,2018,BMW,6950000,31000,Diesel,0
348,2019,Jaguar,3300000,27000,Diesel,1
349,2019,BMW,5500000,9800,Diesel,1
350,2018,BMW,6950000,31000,Diesel,0
351,2019,Jaguar,3300000,27000,Diesel,1
352,2019,BMW,5500000,9800,Diesel,1
353,2012,Skoda,380000,30000,Petrol,0
354,2016,Mercedes-Benz,6800000,30000,Petrol,0
355,2020,BMW,11500000,12000,Diesel,1
356,2019,Volkswagen,1050000,38000,Petrol,0
357,2018,Porsche,8600000,4000,Petrol,1
358,2018,Toyota,2050000,80000,Diesel,0
359,2012,Audi,1625000,14500,Diesel,0
360,2015,Land Rover,2850000,41000,Diesel,0
361,2016,Mercedes-Benz,1851000,43000,Petrol,0
362,2018,BMW,3750000,18000,Petrol,1
363,2012,Tata,425000,2700,Diesel,0
364,2019,Mercedes-Benz,2800000,23000,Diesel,1
365,2019,Jaguar,5100000,13000,Diesel,1
366,2020,BMW,12100000,12000,Petrol,1
367,2020,Jeep,2400000,17000,Diesel,1
368,2019,Ford,3000000,40000,Diesel,0
369,2018,BMW,2900000,32000,Diesel,0
370,2015,Audi,1975000,75000,Diesel,0
371,2019,Hyundai,1475000,10000,Petrol,1
372,2018,Honda,695000,32000,Petrol,0
373,2014,Audi,1465000,75000,Diesel,0
374,2017,Mahindra,1275000,70000,Diesel,0
375,2012,Mercedes-Benz,1260000,54000,Petrol,0
376,2018,Land Rover,14700000,25000,Diesel,1
377,2018,Toyota,14500000,90000,Diesel,0
378,2020,Mercedes-Benz,5800000,12000,Diesel,1
379,2019,Ford,7100000,7000,Petrol,1
380,2019,Lexus,5200000,30000,Petrol,1
381,2019,Audi,7300000,9000,Diesel,1
382,2021,Mahindra,1811000,490,Petrol,1
383,2017,Lexus,3790000,16000,Petrol,1
384,2015,Audi,2150000,14000,Diesel,0
385,2008,BMW,485000,64000,Petrol,0
386,2020,Mercedes-Benz,8400000,14800,Diesel,1
387,2014,Maruti Suzuki,550000,98500,Diesel,0
388,2018,Mercedes-Benz,2850000,55000,Diesel,0
389,2019,Maruti Suzuki,875000,15500,Diesel,1
390,2014,Hyundai,550000,115000,Diesel,0
391,2013,Audi,1600000,74000,Diesel,0
392,2014,Audi,2800000,54500,Diesel,0
393,2015,BMW,2350000,77000,Diesel,0
394,2013,Audi,1450000,63700,Diesel,0
395,2013,Audi,1650000,64000,Diesel,0
396,2018,Audi,2800000,43000,Diesel,0
397,2019,Toyota,2675000,85000,Diesel,0
398,2019,Ford,950000,6372,Petrol,1
399,2011,Toyota,365000,35000,Petrol,0
400,2019,Volkswagen,495000,38000,Petrol,0
401,2015,Maruti Suzuki,449000,67800,Petrol,0
402,2017,Maruti Suzuki,745000,67000,Diesel,0
403,2017,Toyota,1571000,73009,Petrol,0
404,2017,BMW,2575000,60000,Diesel,0
405,2019,Land Rover,12300000,17000,Diesel,1
406,2018,Toyota,3075000,25000,Petrol,1
407,2018,BMW,3950000,55000,Diesel,0
408,2016,Honda,800000,38000,Petrol,0
409,2019,Audi,2550000,15000,Petrol,1
410,2012,Audi,1650000,65000,Diesel,0
411,2015,Maruti Suzuki,465000,58000,Petrol,0
412,2019,Toyota,2325000,38000,Diesel,0
413,2019,Tata,1625000,12000,Diesel,1
414,2018,Maruti Suzuki,895000,27000,Petrol,1
415,2017,Mercedes-Benz,4300000,17000,Petrol,1
416,2016,Volvo,1750000,78000,Diesel,0
417,2018,Mercedes-Benz,4700000,38200,Diesel,0
418,2020,Land Rover,5900000,9000,Diesel,1
419,2018,Mercedes-Benz,4500000,43000,Diesel,0
420,2019,Mercedes-Benz,11000000,7111,Diesel,1
421,2015,Mercedes-Benz,2050000,18000,Petrol,0
422,2018,Mercedes-Benz,4500000,43000,Diesel,0
423,2018,Mercedes-Benz,4700000,38200,Diesel,0
424,2014,Mercedes-Benz,1275000,56000,Diesel,0
425,2017,Mercedes-Benz,2575000,22500,Diesel,1
426,2010,Mitsubishi,550000,75000,Petrol,0
427,2018,BMW,4200000,24000,Diesel,1
428,2014,Audi,2390000,57000,Diesel,0
429,2020,Mercedes-Benz,5700000,9000,Diesel,1
430,2019,Toyota,2175000,15800,Petrol,1
431,2019,Honda,1145000,21963,Petrol,1
432,2013,Hyundai,370000,49350,Petrol,0
433,2019,Mahindra,1675000,53500,Diesel,0
434,2018,Jeep,1650000,16000,Petrol,1
435,2012,Honda,235000,65000,Petrol,0
436,2019,MG,1640000,24000,Petrol,1
437,2019,Maruti Suzuki,635000,13000,Petrol,1
438,2010,Maruti Suzuki,125000,71000,Petrol,0
439,2017,BMW,4700000,47000,Petrol,0
440,2018,Maruti Suzuki,910000,34000,Petrol,0
441,2017,Honda,720000,73000,Diesel,0
442,2018,Maruti Suzuki,635000,70000,Diesel,0
443,2021,Mahindra,1850000,4000,Petrol,1
444,2010,Honda,310000,58000,Petrol,0
445,2016,Maruti Suzuki,460000,29000,Petrol,0
446,2019,Jaguar,3390000,18000,Petrol,1
447,2018,Mercedes-Benz,5175000,14880,Diesel,1
449,2012,Maruti Suzuki,320000,80000,Petrol,0
450,2020,Mercedes-Benz,3000000,4000,Diesel,1
451,2009,Maruti Suzuki,135000,75000,Petrol,0
452,2019,Maruti Suzuki,635000,13000,Petrol,1
453,2018,Maruti Suzuki,910000,34000,Petrol,0
454,2017,Ford,2750000,50000,Diesel,0
455,2020,Kia,1850000,5800,Petrol,1
456,2017,BMW,4700000,47000,Petrol,0
457,2016,Ford,7300000,23000,Petrol,0
458,2014,Honda,325000,52000,Petrol,0
459,2017,Honda,720000,73000,Diesel,0
460,2018,Maruti Suzuki,635000,70000,Diesel,0
461,2014,Hyundai,395000,23000,Petrol,0
462,2017,BMW,2350000,48000,Diesel,0
463,2020,Mercedes-Benz,5600000,8000,Diesel,1
464,2020,MG,1825000,45000,Petrol,0
466,2016,Renault,545000,50000,Diesel,0
467,2010,Honda,310000,58000,Petrol,0
468,2016,Maruti Suzuki,460000,29000,Petrol,0
469,2012,Hyundai,245000,52000,Petrol,0
470,2017,Ford,2950000,31000,Diesel,0
471,2019,Maruti Suzuki,635000,13000,Petrol,1
472,2017,Ford,2750000,50000,Diesel,0
473,2020,Kia,1850000,5800,Petrol,1
474,2017,BMW,4700000,47000,Petrol,0
475,2016,Ford,7300000,23000,Petrol,0
476,2012,Hyundai,245000,52000,Petrol,0
477,2010,Honda,310000,58000,Petrol,0
478,2016,Maruti Suzuki,460000,29000,Petrol,0
479,2015,Hyundai,550000,55000,Diesel,0
480,2018,Audi,2750000,37000,Diesel,0
481,2014,Chevrolet,195000,39000,Diesel,0
482,2015,Honda,390000,61000,Petrol,0
483,2014,Volkswagen,385000,85000,Diesel,0
484,2019,Skoda,1999000,51000,Diesel,0
485,2015,Mercedes-Benz,2900000,47000,Diesel,0
486,2015,Volkswagen,550000,67000,Petrol,0
487,2018,Mahindra,1075000,23000,Diesel,1
488,2016,Honda,435000,52000,Petrol,0
489,2012,Honda,425000,80000,Petrol,0
490,2010,Maruti Suzuki,225000,72000,Petrol,0
491,2013,Mercedes-Benz,2650000,68000,Diesel,0
492,2019,Mahindra,925000,25000,Diesel,1
493,2015,Renault,650000,65349,Diesel,0
494,2018,Hyundai,1395000,55627,Diesel,0
495,2007,Honda,325000,76890,Petrol,0
496,2010,Skoda,675000,61000,Petrol,0
497,2017,Maruti Suzuki,735000,33905,Petrol,0
498,2019,BMW,6600000,26000,Diesel,1
499,2014,Mahindra,915000,52255,Diesel,0
500,2010,Hyundai,280000,72799,Petrol,0
501,2017,Hyundai,585000,27805,Petrol,1
502,2017,Maruti Suzuki,735000,33984,Petrol,0
503,2017,Hyundai,599000,35876,Petrol,0
504,2018,Hyundai,1450000,26966,Petrol,1
505,2016,Maruti Suzuki,695000,47057,Petrol,0
506,2018,Mahindra,1425000,53636,Diesel,0
507,2013,Honda,1399000,94055,Petrol,0
508,2019,Maruti Suzuki,745000,18680,Petrol,1
509,2018,Mahindra,1425000,53636,Diesel,0
510,2018,Maruti Suzuki,680000,39792,Petrol,0
511,2017,Hyundai,1145000,61307,Petrol,0
512,2018,Mahindra,1795000,53769,Diesel,0
513,2016,Maruti Suzuki,595000,51016,Petrol,0
514,2018,Maruti Suzuki,935000,30356,Diesel,0
515,2015,Skoda,745000,60997,Diesel,0
516,2013,Honda,1399000,94030,Petrol,0
517,2017,Hyundai,1299000,60559,Diesel,0
518,2017,Hyundai,1185000,68796,Diesel,0
519,2017,Volkswagen,945000,42876,Diesel,0
520,2019,Mahindra,1785000,28713,Diesel,1
521,2017,Hyundai,599000,35855,Petrol,0
522,2018,Hyundai,1345000,36986,Petrol,0
523,2018,Hyundai,1295000,26605,Petrol,1
524,2018,Hyundai,1345000,50192,Petrol,0
525,2013,Toyota,725000,44862,Petrol,0
526,2017,Hyundai,1165000,74848,Petrol,0
527,2018,Maruti Suzuki,949000,15133,Petrol,1
528,2018,Honda,925000,40542,Petrol,0
529,2017,Maruti Suzuki,735000,33905,Petrol,0
530,2018,Hyundai,1395000,55627,Diesel,0
531,2021,MG,2150000,10860,Diesel,1
532,2017,Hyundai,1345000,52165,Diesel,0
533,2018,Hyundai,1395000,36412,Petrol,0
534,2018,Hyundai,1395000,55692,Diesel,0
535,2017,Hyundai,1145000,61252,Petrol,0
536,2017,Hyundai,1175000,31663,Petrol,0
537,2017,Fiat,740000,15440,Diesel,1
538,2020,Mahindra,1685000,10035,Diesel,1
539,2013,Hyundai,335000,45654,Petrol,0
540,2017,Renault,410000,13839,Petrol,1
541,2015,Nissan,465000,13123,Petrol,0
542,2018,Maruti Suzuki,435000,41581,Petrol,0
543,2013,Hyundai,290000,35421,Petrol,0
544,2016,Honda,580000,44814,Petrol,0
545,2016,Hyundai,699000,42811,Petrol,0
546,2016,Maruti Suzuki,750000,45949,Petrol,0
547,2015,Maruti Suzuki,375000,18760,Petrol,0
548,2015,Maruti Suzuki,699000,74541,Petrol,0
549,2016,Hyundai,699000,42811,Petrol,0
550,2016,Maruti Suzuki,750000,45949,Petrol,0
551,2015,Maruti Suzuki,375000,18760,Petrol,0
552,2013,Hyundai,335000,45654,Petrol,0
553,2017,Renault,410000,13839,Petrol,1
554,2014,Renault,435000,63756,Diesel,0
555,2016,Volkswagen,685000,36321,Diesel,0
556,2018,Maruti Suzuki,690000,70256,Petrol,0
557,2015,Maruti Suzuki,470000,35153,Petrol,0
558,2017,Tata,590000,8081,Petrol,1
559,2015,Maruti Suzuki,699000,74541,Petrol,0
560,2018,Maruti Suzuki,435000,41581,Petrol,0
561,2014,Maruti Suzuki,400000,46160,Petrol,0
562,2018,Renault,445000,22795,Petrol,1
563,2017,Maruti Suzuki,485000,20894,Petrol,1
564,2014,Hyundai,599000,75447,Petrol,0
565,2019,Maruti Suzuki,440000,16067,Petrol,1
566,2016,Maruti Suzuki,560000,59117,Petrol,0
567,2015,Nissan,465000,13123,Petrol,0
568,2018,Hyundai,585000,68838,Petrol,0
569,2016,Mahindra,485000,62006,Diesel,0
570,2018,Maruti Suzuki,690000,70256,Petrol,0
571,2016,Hyundai,745000,24301,Petrol,0
572,2017,Volkswagen,610000,44482,Petrol,0
573,2017,Volkswagen,610000,44482,Petrol,0
574,2018,Toyota,870000,14122,Petrol,1
575,2015,Hyundai,569000,13065,Petrol,0
576,2018,Renault,950000,22581,Petrol,1
577,2015,Renault,340000,54806,Petrol,0
578,2019,Mahindra,1290000,149313,Diesel,0
579,2018,Renault,950000,22586,Petrol,1
580,2020,Renault,745000,5681,Petrol,1
581,2017,Renault,999000,57800,Diesel,0
582,2017,Renault,999000,57800,Diesel,0
583,2014,Honda,625000,55000,Petrol,0
584,2014,Honda,625000,55000,Petrol,0
585,2020,MG,1890000,5697,Petrol,1
586,2015,Hyundai,569000,13065,Petrol,0
587,2014,Honda,625000,55000,Petrol,0
588,2018,Renault,950000,22586,Petrol,1
589,2014,Toyota,1195000,37411,Petrol,0
590,2016,Hyundai,425000,35406,Petrol,0
591,2017,Tata,915000,66078,Diesel,0
592,2017,Tata,545000,47265,Petrol,0
593,2015,Hyundai,535000,58671,Petrol,0
594,2017,Tata,915000,66078,Diesel,0
595,2013,Hyundai,460000,39780,Petrol,0
596,2016,Hyundai,550000,85871,Petrol,0
597,2016,Hyundai,550000,85871,Petrol,0
598,2014,Toyota,1195000,37411,Petrol,0
599,2016,Hyundai,425000,35406,Petrol,0
600,2017,Tata,915000,66078,Diesel,0
601,2016,Mahindra,745000,55946,Diesel,0
602,2016,Mahindra,745000,55946,Diesel,0
603,2015,Volkswagen,725000,48987,Petrol,0
604,2016,Audi,2575000,40786,Diesel,0
605,2018,Volkswagen,725000,31000,Petrol,0
606,2012,Honda,355000,61409,Petrol,0
607,2013,Maruti Suzuki,650000,45082,Diesel,0
608,2012,BMW,1850000,103000,Diesel,0
609,2015,Ford,625000,83378,Diesel,0
610,2019,BMW,3785000,17800,Diesel,1
611,2015,Hyundai,489000,63900,Petrol,0
612,2018,Hyundai,625000,41850,Petrol,0
613,2019,Jeep,2750000,24743,Diesel,1
614,2017,Tata,915000,66078,Diesel,0
615,2014,Hyundai,485000,57362,Petrol,0
616,2010,Hyundai,310000,64321,Petrol,0
617,2010,Hyundai,310000,64321,Petrol,0
618,2017,Tata,545000,47265,Petrol,0
619,2013,Hyundai,460000,39780,Petrol,0
620,2010,Hyundai,310000,64321,Petrol,0
621,2017,Tata,545000,47265,Petrol,0
622,2013,Hyundai,460000,39780,Petrol,0
623,2018,Maruti Suzuki,745000,14510,Petrol,1
624,2016,Hyundai,550000,85871,Petrol,0
625,2017,Audi,2685000,59540,Diesel,0
626,2015,Renault,675000,54174,Diesel,0
627,2015,Maruti Suzuki,675000,69304,Diesel,0
628,2009,Honda,395000,47957,Petrol,0
629,2019,Honda,1125000,15593,Petrol,1
630,2012,Mahindra,745000,79960,Diesel,0
631,2015,Audi,3000000,85000,Diesel,0
632,2017,Hyundai,700000,37640,Petrol,0
633,2017,Hyundai,650000,40977,Petrol,0
634,2018,Mercedes-Benz,3975000,18000,Diesel,1
635,2016,Maruti Suzuki,625000,66000,Diesel,0
636,2019,Mahindra,1500000,70000,Diesel,0
637,2019,MG,1795000,39000,Petrol,0
639,2017,Maruti Suzuki,345000,42305,Petrol,0
640,2016,Hyundai,745000,24301,Petrol,0
641,2018,Maruti Suzuki,699000,37422,Petrol,0
642,2015,Maruti Suzuki,325000,18760,Petrol,0
643,2012,Honda,405000,52616,Petrol,0
644,2016,Maruti Suzuki,750000,45949,Petrol,0
645,2016,Chevrolet,340000,63708,Petrol,0
646,2013,Hyundai,335000,45654,Petrol,0
647,2016,Maruti Suzuki,475000,54807,Petrol,0
648,2014,Nissan,475000,61604,Petrol,0
649,2017,Renault,410000,13839,Petrol,1
650,2019,Kia,1550000,21152,Petrol,1
651,2010,Hyundai,265000,90818,Petrol,0
652,2014,Renault,435000,63756,Diesel,0
653,2016,Maruti Suzuki,750000,45949,Petrol,0
654,2017,Ford,675000,41917,Diesel,0
655,2016,Volkswagen,685000,36321,Diesel,0
656,2018,Renault,445000,22795,Petrol,1
657,2015,Maruti Suzuki,470000,35153,Petrol,0
658,2015,Maruti Suzuki,699000,74541,Petrol,0
659,2016,Hyundai,575000,40198,Petrol,0
660,2013,Hyundai,290000,35421,Petrol,0
661,2016,Honda,580000,44814,Petrol,0
662,2016,Hyundai,699000,42811,Petrol,0
663,2016,Maruti Suzuki,699000,30264,Diesel,0
664,2017,Tata,590000,8081,Petrol,1
665,2017,Maruti Suzuki,785000,39640,Petrol,0
666,2016,Volkswagen,590000,18807,Petrol,0
667,2016,Hyundai,585000,21992,Petrol,0
668,2017,Ford,785000,53368,Diesel,0
669,2018,Hyundai,660000,28131,Petrol,1
670,2016,Tata,515000,54863,Petrol,0
671,2019,Skoda,1290000,27952,Diesel,1
672,2015,Hyundai,569000,13065,Petrol,0
673,2015,Renault,340000,54806,Petrol,0
674,2016,Honda,580000,44814,Petrol,0
675,2018,Honda,925000,60596,Petrol,0
676,2018,Skoda,1195000,22800,Petrol,1
677,2018,Hyundai,1285000,10100,Petrol,1
678,2018,Maruti Suzuki,690000,70256,Petrol,0
679,2018,Maruti Suzuki,435000,41581,Petrol,0
680,2013,Toyota,1115000,81844,Diesel,0
681,2020,Renault,745000,5681,Petrol,1
682,2018,Hyundai,575000,14800,Petrol,1
683,2016,Hyundai,575000,40198,Petrol,0
684,2015,Maruti Suzuki,699000,74541,Petrol,0
685,2017,Tata,590000,8081,Petrol,1
686,2014,Hyundai,599000,75447,Petrol,0
687,2016,Hyundai,425000,35043,Petrol,0
688,2017,Maruti Suzuki,835000,18325,Petrol,1
689,2016,Hyundai,585000,38473,Petrol,0
690,2016,Tata,515000,54863,Petrol,0
691,2018,Honda,695000,16950,Petrol,1
692,2019,Hyundai,815000,29350,Petrol,1
693,2019,Hyundai,815000,29350,Petrol,1
694,2018,Honda,695000,16950,Petrol,1
695,2018,Maruti Suzuki,860000,58790,Diesel,0
696,2017,Maruti Suzuki,835000,18325,Petrol,1
697,2018,Maruti Suzuki,435000,41581,Petrol,0
698,2018,Maruti Suzuki,690000,70256,Petrol,0
699,2019,Skoda,1290000,27952,Diesel,1
700,2018,Audi,2775000,43000,Diesel,0
701,2018,Honda,800000,9131,Petrol,1
702,2017,Renault,999000,57800,Diesel,0
703,2015,Renault,340000,54806,Petrol,0
704,2019,Ford,740000,2750,Petrol,1
705,2017,Hyundai,925000,38000,Petrol,0
706,2008,Maruti Suzuki,340000,60000,Petrol,0
707,2016,Hyundai,725000,52000,Petrol,0
708,2010,Skoda,675000,61000,Petrol,0
709,2005,Toyota,550000,202000,Diesel,0
710,2005,Mercedes-Benz,750000,87000,Diesel,0
711,2019,Jaguar,4200000,14000,Diesel,1
712,2014,Mercedes-Benz,2650000,48000,Diesel,0
713,2008,Toyota,690000,107000,Diesel,0
714,2018,Maruti Suzuki,550000,16000,Petrol,1
715,2016,Mercedes-Benz,4500000,70000,Diesel,0
716,2012,Land Rover,4000000,160000,Diesel,0
717,2019,Mercedes-Benz,4500000,78000,Diesel,0
718,2018,Jaguar,4200000,20000,Diesel,1
719,2016,Maruti Suzuki,450000,30000,Petrol,0
720,2019,Mahindra,1800000,30000,Diesel,1
721,2020,BMW,3975000,6000,Diesel,1
722,2016,Mercedes-Benz,2800000,60000,Diesel,0
723,2017,Mercedes-Benz,4500000,50000,Diesel,0
724,2016,Volkswagen,795000,63000,Petrol,0
725,2017,Hyundai,1300000,41000,Diesel,0
726,2017,Audi,2850000,49000,Diesel,0
727,2018,Hyundai,1435000,33000,Petrol,0
728,2013,Maruti Suzuki,650000,56000,Diesel,0
729,2016,Skoda,1400000,64382,Diesel,0
730,2015,Toyota,1325000,121434,Diesel,0
731,2020,Maruti Suzuki,1150000,14448,Petrol,1
732,2018,Honda,880000,33990,Diesel,0
733,2018,Tata,825000,12200,Petrol,1
734,2012,Maruti Suzuki,429000,83522,Diesel,0
735,2018,Hyundai,660000,28131,Petrol,1
736,2020,Toyota,4100000,10906,Diesel,1
737,2011,Maruti Suzuki,385000,55705,Petrol,0
738,2018,Renault,415000,14981,Petrol,1
739,2017,Maruti Suzuki,475000,32279,Petrol,0
740,2016,Maruti Suzuki,680000,93525,Diesel,0
741,2017,Maruti Suzuki,520000,40904,Petrol,0
742,2004,Toyota,240000,209616,Diesel,0
743,2014,Maruti Suzuki,735000,43294,Diesel,0
744,2013,Mercedes-Benz,1850000,89000,Diesel,0
745,2019,Ford,1050000,15250,Diesel,1
746,2019,Jaguar,5900000,20763,Diesel,1
747,2016,Hyundai,430000,127000,Diesel,0
748,2017,Maruti Suzuki,930000,36057,Diesel,0
749,2015,Hyundai,1345000,88630,Diesel,0
750,2016,Skoda,950000,42282,Diesel,0
751,2018,Maruti Suzuki,980000,18178,Petrol,1
752,2014,Maruti Suzuki,560000,32525,Diesel,0
753,2016,Mahindra,1200000,75441,Diesel,0
754,2018,Mahindra,1550000,34444,Diesel,0
755,2021,Volkswagen,1050000,8862,Petrol,1
756,2013,Chevrolet,485000,83575,Diesel,0
757,2016,Hyundai,685000,68479,Diesel,0
758,2018,Mahindra,1400000,88666,Diesel,0
759,2012,Hyundai,390000,80809,Diesel,0
760,2017,Mahindra,450000,67475,Diesel,0
761,2015,Ford,700000,74595,Diesel,0
762,2014,Hyundai,725000,72230,Diesel,0
763,2016,Renault,785000,112038,Diesel,0
764,2010,Honda,650000,116594,Petrol,0
765,2020,MG,2100000,16023,Petrol,1
766,2020,Kia,1850000,57786,Diesel,0
767,2017,Volkswagen,575000,30000,Petrol,1
768,2021,Maruti Suzuki,1000000,5700,Petrol,1
769,2017,Mahindra,1500000,40000,Diesel,0
770,2013,Toyota,755000,78507,Diesel,0
771,2012,Maruti Suzuki,490000,31757,Petrol,0
772,2010,BMW,1400000,89602,Diesel,0
773,2008,Mercedes-Benz,1500000,38530,Petrol,0
774,2009,Mercedes-Benz,925000,47000,Diesel,0
775,2012,Toyota,400000,88000,Diesel,0
776,2016,Maruti Suzuki,680000,93525,Diesel,0
777,2011,Hyundai,550000,75375,Diesel,0
778,2009,Honda,365000,68384,Petrol,0
779,2019,Maruti Suzuki,1025000,71750,Diesel,0
780,2013,Ford,560000,73149,Diesel,0
781,2011,Hyundai,435000,67528,Petrol,0
782,2016,Honda,785000,64554,Diesel,0
783,2014,BMW,2400000,67000,Diesel,0
784,2015,Honda,540000,33400,Petrol,0
785,2019,Jaguar,5900000,20763,Diesel,1
786,2018,Volvo,2800000,35000,Diesel,0
787,2016,Volvo,4700000,72000,Diesel,0
788,2014,Volvo,2400000,125000,Diesel,0
789,2008,Porsche,1600000,102000,Petrol,0
790,2010,Porsche,3500000,73000,Petrol,0
791,2009,Mercedes-Benz,1300000,82000,Diesel,0
792,2013,Mercedes-Benz,1900000,45000,Diesel,0
793,2017,Jeep,1650000,30000,Petrol,1
794,2017,Mercedes-Benz,4800000,51000,Diesel,0
795,2012,Mercedes-Benz,2900000,83000,Diesel,0
796,2016,Mercedes-Benz,4200000,72000,Diesel,0
797,2016,Land Rover,3900000,66000,Diesel,0
798,2017,Toyota,1700000,129000,Diesel,0
799,2013,MINI,1900000,38000,Petrol,0
800,2006,BMW,900000,131000,Petrol,0
801,2018,BMW,5400000,51000,Diesel,0
802,2009,BMW,850000,88000,Diesel,0
803,2019,BMW,6500000,54000,Diesel,0
804,2015,BMW,2400000,46000,Diesel,0
805,2012,Mercedes-Benz,3600000,63000,Diesel,0
806,2015,Mercedes-Benz,14000000,23000,Petrol,0
807,2018,Mercedes-Benz,8500000,26000,Petrol,1
808,2012,BMW,1600000,101000,Diesel,0
809,2011,Mercedes-Benz,1500000,85000,Diesel,0
810,2018,Isuzu,3000000,6500,Diesel,1
811,2019,Volkswagen,2900000,30000,Diesel,1
812,2015,Skoda,620000,45000,Diesel,0
813,2017,Audi,6700000,37914,Diesel,0
814,2008,Mercedes-Benz,1100000,73451,Diesel,0
815,2016,Honda,780000,35000,Petrol,0
816,2020,Kia,1400000,19486,Diesel,1
817,2016,Volkswagen,630000,64654,Petrol,0
818,2011,Honda,575000,51000,Petrol,0
819,2019,Toyota,2330000,43000,Diesel,0
820,2018,Mercedes-Benz,3400000,23107,Diesel,1
821,2011,Bentley,9500000,45000,Petrol,0
822,2013,Land Rover,2600000,68000,Diesel,0
823,2010,Maruti Suzuki,365000,44900,Petrol,0
824,2016,Maruti Suzuki,585000,68342,Diesel,0
825,2016,Datsun,360000,28000,Petrol,0
826,2015,Volkswagen,625000,65000,Petrol,0
827,2019,Toyota,2100000,53000,Diesel,0
828,2019,Skoda,1135000,29867,Petrol,1
829,2019,Honda,1075000,55000,Diesel,0
830,2011,Maruti Suzuki,275000,71000,Petrol,0
831,2018,Mahindra,1230000,72000,Diesel,0
832,2012,Volkswagen,600000,110000,Diesel,0
833,2014,Maruti Suzuki,375000,24500,Petrol,0
834,2011,Hyundai,350000,55289,Petrol,0
835,2016,Maruti Suzuki,785000,84640,Diesel,0
836,2014,BMW,2000000,31000,Diesel,0
837,2008,Audi,1800000,70000,Diesel,0
838,2018,Jaguar,7500000,22000,Diesel,1
839,2014,Audi,2550000,33024,Diesel,0
840,2019,Volvo,4850000,36000,Diesel,0
841,2013,Volkswagen,430000,72995,Diesel,0
842,2013,Land Rover,2600000,68000,Diesel,0
843,2020,Kia,1599000,4100,Diesel,1
844,2013,Toyota,1399000,166000,Diesel,0
845,2018,Maruti Suzuki,725000,61000,Petrol,0
846,2017,Honda,1095000,20111,Petrol,1
847,2017,Toyota,1875000,94000,Diesel,0
848,2018,Toyota,1645000,78263,Diesel,0
849,2013,Mahindra,585000,60628,Diesel,0
850,2018,Volvo,6850000,39000,Diesel,0
851,2017,Hyundai,1245000,24250,Petrol,1
852,2012,Toyota,800000,69000,Diesel,0
853,2011,Mercedes-Benz,1100000,68000,Petrol,0
854,2017,Toyota,1895000,34000,Diesel,0
855,2015,Volkswagen,550000,103000,Diesel,0
856,2012,Toyota,825000,135000,Diesel,0
857,2015,Hyundai,670000,29000,Petrol,0
858,2018,Hyundai,1150000,41000,Diesel,0
859,2019,Maruti Suzuki,1220000,63000,Diesel,0
860,2008,Maruti Suzuki,250000,75000,Petrol,0
861,2014,Maruti Suzuki,690000,126000,Diesel,0
862,2011,Toyota,1175000,85000,Diesel,0
863,2011,Hyundai,325000,75000,Petrol,0
864,2016,Volkswagen,690000,70844,Petrol,0
865,2009,Maruti Suzuki,350000,135934,Diesel,0
866,2020,Hyundai,750000,11500,Petrol,1
867,2011,Hyundai,255000,61786,Petrol,0
868,2009,Skoda,345000,95000,Petrol,0
869,2008,Hyundai,295000,82000,Petrol,0
870,2014,Honda,575000,85000,Diesel,0
871,2018,Mahindra,1250000,75000,Diesel,0
872,2012,Hyundai,535000,98000,Diesel,0
873,2014,Maruti Suzuki,365000,45000,Petrol,0
874,2011,Maruti Suzuki,215000,82000,Petrol,0
875,2017,Maruti Suzuki,585000,49000,Petrol,0
876,2011,Maruti Suzuki,340000,72000,Diesel,0
877,2004,Toyota,240000,209616,Diesel,0
878,2008,Maruti Suzuki,250000,120424,Diesel,0
879,2016,Hyundai,1030000,65650,Petrol,0
880,2017,Hyundai,1530000,80000,Petrol,0
881,2016,Toyota,670000,81000,Diesel,0
882,2013,Volkswagen,445000,77000,Diesel,0
883,2015,Audi,2850000,550000,Diesel,0
884,2014,Maruti Suzuki,725000,126000,Diesel,0
885,2012,Mahindra,625000,122833,Diesel,0
886,2016,Jaguar,6850000,46000,Diesel,0
887,2018,Ford,2950000,86000,Diesel,0
888,2018,Maruti Suzuki,930000,98000,Diesel,0
889,2010,Hyundai,380000,86000,Diesel,0
890,2011,Toyota,1250000,136000,Diesel,0
891,2016,Toyota,1925000,87000,Diesel,0
892,2016,Hyundai,650000,24000,Petrol,0
893,2014,Hyundai,450000,57000,Diesel,0
894,2021,Mahindra,2300000,6000,Petrol,1
895,2011,Volkswagen,365000,96000,Diesel,0
896,2017,Mercedes-Benz,4300000,57000,Diesel,0
897,2016,Mercedes-Benz,2199000,60000,Diesel,0
898,2015,Audi,2100000,67700,Diesel,0
899,2018,Toyota,2450000,52000,Diesel,0
900,2020,Kia,1900000,31000,Petrol,0
901,2018,Honda,820000,17774,Petrol,1
902,2014,Maruti Suzuki,315000,21000,Petrol,0
903,2015,Hyundai,630000,70000,Petrol,0
904,2013,Honda,450000,46888,Petrol,0
905,2012,Tata,255000,75000,Diesel,0
906,2012,Renault,430000,77000,Diesel,0
907,2017,Maruti Suzuki,990000,105000,Diesel,0
908,2018,Maruti Suzuki,660000,33000,Petrol,0
909,2020,Mahindra,1690000,3700,Diesel,1
910,2009,Maruti Suzuki,345000,92000,Diesel,0
911,2009,Maruti Suzuki,325000,81000,Petrol,0
912,2010,Mahindra,600000,82000,Diesel,0
913,2017,Audi,2400000,100568,Diesel,0
914,2017,Audi,2400000,100568,Diesel,0
915,2015,Maruti Suzuki,560000,12208,Petrol,0
916,2010,Skoda,420000,80084,Diesel,0
917,2012,Volkswagen,420000,75893,Diesel,0
918,2015,Maruti Suzuki,385000,71000,Petrol,0
919,2013,Maruti Suzuki,490000,83000,Diesel,0
920,2009,Maruti Suzuki,295000,82000,Diesel,0
921,2011,BMW,1095000,84000,Diesel,0
922,2014,Honda,590000,85000,Diesel,0
923,2018,Tata,999000,194000,Diesel,0
924,2015,Hyundai,1050000,99000,Diesel,0
925,2015,Hyundai,525000,129804,Petrol,0
926,2011,Hyundai,445000,72000,Diesel,0
927,2005,Toyota,245000,174000,Petrol,0
929,2015,Maruti Suzuki,570000,63000,Petrol,0
930,2015,Maruti Suzuki,425000,57000,Petrol,0
931,2018,Maruti Suzuki,745000,30100,Petrol,0
932,2018,BMW,3200000,24000,Diesel,1
933,2010,Hyundai,265000,69000,Petrol,0
934,2016,Mercedes-Benz,4500000,100000,Diesel,0
935,2013,Hyundai,585000,72000,Diesel,0
936,2016,Maruti Suzuki,625000,88000,Petrol,0
937,2020,Kia,1950000,16000,Petrol,1
939,2009,Honda,385000,121580,Petrol,0
940,2013,Mahindra,680000,93000,Diesel,0
941,2008,Hyundai,240000,59000,Petrol,0
942,2013,Hyundai,460000,87000,Diesel,0
943,2017,Maruti Suzuki,795000,47600,Diesel,0
944,2010,Maruti Suzuki,295000,82000,Diesel,0
945,2016,Maruti Suzuki,699000,86000,Diesel,0
946,2019,Tata,1775000,27000,Diesel,1
947,2018,Maruti Suzuki,875000,86000,Diesel,0
948,2009,BMW,895000,144000,Diesel,0
949,2015,Hyundai,950000,68000,Diesel,0
950,2016,Skoda,1930000,67000,Petrol,0
951,2016,Maruti Suzuki,650000,82000,Petrol,0
952,2015,Maruti Suzuki,795000,91000,Diesel,0
953,2010,Maruti Suzuki,355000,83000,Diesel,0
954,2013,Audi,1750000,85349,Diesel,0
955,2016,Ford,695000,106000,Diesel,0
956,2019,Hyundai,1050000,13470,Petrol,1
957,2018,Renault,1050000,43000,Diesel,0
958,2020,Maruti Suzuki,395000,1600,Petrol,1
959,2013,Porsche,3900000,87000,Diesel,0
960,2014,Jaguar,2195000,71000,Petrol,0
961,2016,Hyundai,430000,127000,Diesel,0
962,2017,Tata,1200000,160015,Diesel,0
963,2014,Hyundai,725000,50781,Diesel,0
964,2019,Maruti Suzuki,990000,41000,Diesel,0
965,2012,Tata,95000,31000,Petrol,0
966,2017,Hyundai,1035000,56462,Diesel,0
967,2017,Honda,775000,44150,Petrol,0
968,2019,Hyundai,1285000,20000,Petrol,1
969,2016,Honda,775000,66000,Diesel,0
970,2015,Volkswagen,550000,68000,Petrol,0
971,2012,Skoda,675000,95000,Diesel,0
972,2017,Maruti Suzuki,795000,54000,Diesel,0
973,2012,Nissan,370000,72000,Petrol,0
974,2011,Ford,275000,115000,Diesel,0
975,2016,Ford,745000,46816,Diesel,0
976,2017,Honda,975000,94000,Diesel,0
977,2012,Skoda,675000,107000,Diesel,0
978,2015,Mahindra,450000,80000,Diesel,0
979,2007,Honda,450000,110000,Petrol,0
980,2010,Ford,685000,115000,Diesel,0
981,2020,Hyundai,1890000,23906,Diesel,1
982,2017,Mahindra,875000,76000,Diesel,0
983,2018,Hyundai,625000,43000,Petrol,0
984,2018,Toyota,1875000,142000,Diesel,0
985,2019,Hyundai,1195000,10000,Petrol,1
986,2021,Ford,3850000,8000,Diesel,1
987,2013,Hyundai,410000,83000,Diesel,0
988,2013,Honda,425000,100000,Diesel,0
989,2016,Mercedes-Benz,3490000,38000,Diesel,0
990,2015,Audi,2200000,76000,Diesel,0
991,2004,Toyota,500000,70500,Petrol,0
992,2013,Ford,650000,60000,Petrol,0
993,2019,Honda,900000,11505,Petrol,1
994,2018,Toyota,2150000,7686,Diesel,1
995,2019,Honda,900000,1664,Petrol,1
996,2016,Hyundai,1090000,69138,Diesel,0
997,2020,Toyota,2790000,2762,Diesel,1
998,2017,Honda,800000,4593,Petrol,1
999,2015,Maruti Suzuki,725000,75000,Diesel,0
1000,2013,Toyota,1100000,107000,Diesel,0
1001,2016,Honda,810000,62000,Diesel,0
1002,2008,Hyundai,170000,63000,Petrol,0
1003,2014,Renault,565000,25000,Petrol,0
1004,2015,Hyundai,400000,40000,Petrol,0
1005,2018,Hyundai,1025000,40000,Diesel,0
1006,2010,Tata,80000,10001,Petrol,0
1007,2016,Mahindra,875000,38000,Diesel,0
1008,2019,Maruti Suzuki,1150000,14000,Diesel,1
1009,2019,Honda,790000,11000,Petrol,1
1010,2018,Mahindra,1290000,29000,Diesel,1
1011,2020,Mahindra,990000,2000,Petrol,1
1012,2019,Hyundai,925000,24800,Petrol,1
1013,2020,Mahindra,1390000,25000,Diesel,1
1014,2017,Honda,875000,46000,Diesel,0
1015,2018,Ford,1090000,20000,Diesel,1
1016,2020,Mahindra,1390000,25000,Diesel,1
1017,2018,Ford,1090000,20000,Diesel,1
1018,2021,Ford,3850000,8000,Diesel,1
1019,2017,Honda,875000,46000,Diesel,0
1020,2019,Hyundai,1195000,10000,Petrol,1
1021,2019,Skoda,1175000,10000,Petrol,1
1022,2019,Jeep,2190000,24000,Petrol,1
1023,2018,Mahindra,1290000,29000,Diesel,1
1024,2019,Hyundai,925000,24800,Petrol,1
1025,2020,Mahindra,990000,2000,Petrol,1
1026,2014,Honda,790000,20000,Petrol,0
1027,2015,Volkswagen,620000,54000,Diesel,0
1028,2010,Maruti Suzuki,285000,72000,Petrol,0
1029,2014,Audi,1850000,72000,Diesel,0
1030,2016,Hyundai,630000,5700,Petrol,0
1031,2014,Mahindra,540000,180000,Diesel,0
1032,2018,Hyundai,1250000,40000,Diesel,0
1033,2013,Ford,650000,60000,Petrol,0
1034,2012,Honda,525000,40000,Petrol,0
1035,2012,Honda,750000,65000,Petrol,0
1036,2011,Honda,490000,80000,Petrol,0
1037,2019,Hyundai,625000,33000,Petrol,0
1038,2020,Renault,530000,11500,Petrol,1
1039,2019,Volvo,5600000,40000,Diesel,0
1040,2019,Hyundai,625000,33000,Petrol,0
1041,2019,Toyota,2450000,26000,Diesel,1
1042,2020,Renault,530000,11500,Petrol,1
1043,2011,Mercedes-Benz,1250000,97000,Diesel,0
1044,2007,Honda,475000,120000,Petrol,0
1045,2021,Hyundai,1050000,2000,Petrol,1
1046,2005,Mercedes-Benz,550000,74000,Petrol,0
1047,2014,Jaguar,2200000,78000,Diesel,0
1048,2016,Hyundai,630000,57000,Petrol,0
1049,2015,Volkswagen,600000,66000,Petrol,0
1050,2015,Volkswagen,700000,50000,Petrol,0
1051,2011,Ford,290000,55000,Petrol,0
1052,2014,BMW,2250000,55000,Diesel,0
1053,2016,BMW,5650000,54000,Diesel,0
1054,2019,BMW,5190000,53000,Diesel,0
1055,2016,Mercedes-Benz,5850000,70000,Diesel,0
1056,2014,Volkswagen,575000,86000,Diesel,0
1057,2011,Honda,750000,65000,Petrol,0
1058,2017,Jaguar,4500000,56500,Diesel,0
1059,2018,Volvo,4200000,141900,Diesel,0
1060,2011,Audi,1200000,44000,Diesel,0
1061,2018,Jeep,1650000,39500,Diesel,0
1062,2004,Toyota,500000,70500,Petrol,0
1063,2018,Maruti Suzuki,950000,25000,Petrol,1
1064,2016,Mercedes-Benz,5850000,70000,Diesel,0
1065,2012,Toyota,1200000,108000,Diesel,0
1066,2017,Jaguar,4500000,56500,Diesel,0
1067,2014,BMW,2250000,55000,Diesel,0
1068,2018,Volvo,4200000,141900,Diesel,0
1069,2011,Ford,290000,55000,Petrol,0
1070,2017,Land Rover,3550000,80400,Diesel,0
1071,2015,BMW,3800000,40500,Diesel,0
1072,2018,BMW,4900000,39000,Diesel,0
1073,2007,BMW,1800000,30900,Petrol,0
1074,2014,Mahindra,1050000,58200,Diesel,0
1075,2015,Hyundai,950000,79900,Diesel,0
1076,2016,Maruti Suzuki,610000,15000,Petrol,0
1077,2019,Toyota,2175000,39900,Diesel,0
1078,2013,Volkswagen,475000,66000,Petrol,0
1079,2011,Hyundai,360000,22000,Petrol,0
1080,2011,Volvo,1150000,80000,Diesel,0
1081,2012,Honda,550000,55000,Petrol,0
1082,2015,Mercedes-Benz,3700000,24000,Diesel,0
1083,2017,Toyota,2700000,72000,Diesel,0
1084,2019,Mahindra,1650000,19900,Diesel,1
1085,2015,Ford,600000,92900,Diesel,0
1086,2015,Ford,600000,89900,Diesel,0
1087,2012,Mahindra,800000,85000,Diesel,0
1088,2019,Mahindra,1650000,19900,Diesel,1
1089,2012,Mahindra,800000,85000,Diesel,0
1090,2013,Audi,2150000,83000,Diesel,0
1091,2016,Honda,790000,45000,Petrol,0
1092,2014,Hyundai,550000,52000,Diesel,0
1093,2016,Maruti Suzuki,425000,35000,Petrol,0
1094,2016,Toyota,1700000,79900,Diesel,0
1095,2012,Audi,1450000,55000,Diesel,0
1096,2018,Renault,925000,50000,Diesel,0
1097,2015,Toyota,1350000,85000,Diesel,0
1098,2015,Mercedes-Benz,2350000,43000,Diesel,0
1099,2012,Mercedes-Benz,2400000,148000,Diesel,0
1100,2015,Hyundai,575000,39000,Petrol,0
1101,2018,Hyundai,1200000,19900,Petrol,1
1102,2017,Maruti Suzuki,470000,51000,Petrol,0
1103,2017,Land Rover,3500000,30980,Diesel,0
1104,2016,Audi,1395000,72000,Diesel,0
1105,2014,BMW,2800000,27000,Diesel,0
1106,2018,Hyundai,650000,18000,Petrol,1
1107,2015,Maruti Suzuki,675000,62000,Petrol,0
1108,2016,Hyundai,770000,175000,Diesel,0
1109,2011,Nissan,225000,51000,Petrol,0
1110,2016,Hyundai,925000,40000,Diesel,0
1111,2019,Hyundai,1125000,14000,Petrol,1
1112,2011,Nissan,225000,51000,Petrol,0
1113,2019,Hyundai,1125000,14000,Petrol,1
1114,2017,Ford,2280000,41000,Diesel,0
1115,2014,Skoda,529000,49000,Diesel,0
1116,2016,Ford,680000,69000,Petrol,0
1117,2012,Hyundai,375000,66000,Petrol,0
1118,2017,Maruti Suzuki,650000,32000,Petrol,0
1119,2015,Volkswagen,700000,60000,Petrol,0
1120,2017,Maruti Suzuki,910000,48000,Diesel,0
1121,2018,Maruti Suzuki,825000,22000,Petrol,1
1122,2012,Land Rover,2350000,63000,Diesel,0
1123,2012,Mercedes-Benz,1400000,87500,Diesel,0
1124,2020,Toyota,2550000,9500,Diesel,1
1125,2017,Hyundai,380000,62000,Diesel,0
1126,2018,Audi,2650000,81296,Diesel,0
1127,2018,Hyundai,1250000,38000,Diesel,0
1128,2017,Hyundai,750000,40000,Diesel,0
1129,2019,Hyundai,990000,58000,Diesel,0
1130,2011,Toyota,870000,120000,Diesel,0
1131,2018,Maruti Suzuki,870000,38000,Petrol,0
1132,2015,Mahindra,750000,64000,Diesel,0
1133,2010,Maruti Suzuki,240000,90000,Petrol,0
1134,2015,Hyundai,925000,84000,Diesel,0
1135,2019,Mahindra,945000,39000,Diesel,0
1136,2008,Hyundai,250000,73000,Petrol,0
1137,2016,Ford,475000,40000,Diesel,0
1138,2016,Ford,2225000,65000,Diesel,0
1139,2016,Renault,690000,70000,Diesel,0
1140,2014,Hyundai,515000,29000,Petrol,0
1141,2015,Hyundai,325000,54000,Petrol,0
1142,2019,Kia,1590000,7000,Petrol,1
1143,2019,Ford,890000,45000,Diesel,0
1144,2016,Ford,2090000,74000,Diesel,0
1145,2012,Mahindra,750000,130000,Diesel,0
1146,2016,Ford,575000,68000,Diesel,0
1147,2017,Honda,725000,13000,Petrol,1
1148,2016,Mahindra,675000,64000,Diesel,0
1149,2011,Ford,950000,60000,Diesel,0
1150,2017,Hyundai,550000,44000,Petrol,0
1151,2017,Ford,2290000,61000,Diesel,0
1152,2014,Toyota,1149000,112000,Diesel,0
1153,2012,BMW,1385000,59000,Diesel,0
1154,2017,Ford,2400000,90000,Diesel,0
1155,2012,Mahindra,650000,135000,Diesel,0
1156,2016,BMW,3400000,40000,Diesel,0
1157,2013,Toyota,1250000,130000,Diesel,0
1158,2019,Maruti Suzuki,600000,62000,Diesel,0
1159,2017,Hyundai,380000,65000,Diesel,0
1160,2016,Ford,750000,34000,Diesel,0
1161,2015,Hyundai,320000,36000,Petrol,0
1162,2020,Hyundai,2500000,4500,Petrol,1
1163,2013,Skoda,625000,106000,Petrol,0
1164,2018,Toyota,2300000,40000,Diesel,0
1165,2016,BMW,2600000,37000,Diesel,0
1166,2019,Hyundai,1380000,32000,Petrol,0
1167,2017,Ford,6500000,11100,Petrol,1
1168,2017,Volvo,3950000,49855,Petrol,0
1169,2015,Audi,4500000,57700,Diesel,0
1170,2019,Honda,1050000,24000,Petrol,1
1171,2017,Volkswagen,575000,55000,Diesel,0
1172,2015,Hyundai,445000,65000,Diesel,0
1173,2012,Toyota,650000,77000,Diesel,0
1174,2016,Jaguar,2850000,63000,Diesel,0
1175,2013,Mercedes-Benz,2400000,120000,Diesel,0
1176,2017,Maruti Suzuki,785000,49000,Petrol,0
1177,2017,Hyundai,875000,10001,Petrol,1
1178,2019,Renault,1090000,16000,Diesel,1
1179,2018,Maruti Suzuki,690000,35000,Petrol,0
1180,2018,Honda,750000,29000,Diesel,1
1181,2018,Honda,990000,41000,Diesel,0
1182,2020,Kia,1450000,3000,Petrol,1
1183,2015,Audi,2200000,76000,Diesel,0
1184,2020,BMW,6800000,20000,Petrol,1
1185,2017,Tata,1075000,85000,Diesel,0
1186,2012,Renault,525000,65000,Diesel,0
1187,2015,Skoda,790000,57000,Diesel,0
1188,2017,Maruti Suzuki,485000,24000,Petrol,1
1189,2018,Maruti Suzuki,690000,35000,Petrol,0
1190,2018,Honda,750000,29000,Diesel,1
1191,2018,Honda,990000,41000,Diesel,0
1192,2019,Renault,1090000,16000,Diesel,1
1193,2017,Ford,850000,44000,Diesel,0
1194,2018,Toyota,2050000,41000,Diesel,0
1195,2015,Jaguar,2200000,77000,Diesel,0
1196,2014,BMW,1450000,63000,Diesel,0
1197,2010,Skoda,600000,104000,Diesel,0
1198,2017,Skoda,735000,112000,Diesel,0
1199,2012,Toyota,1190000,93000,Diesel,0
1200,2017,Skoda,2000000,30000,Diesel,1
1201,2019,Skoda,1090000,30000,Diesel,1
1202,2020,Volkswagen,775000,16000,Petrol,1
1203,2018,Toyota,2700000,100000,Diesel,0
1204,2018,Toyota,2050000,42500,Diesel,0
1205,2017,Toyota,2800000,420000,Diesel,0
1206,2012,Mercedes-Benz,1450000,48000,Diesel,0
1207,2011,BMW,1275000,64000,Diesel,0
1208,2018,Toyota,2700000,100000,Diesel,0
1209,2018,Toyota,2050000,42500,Diesel,0
1210,2016,Mercedes-Benz,5200000,82420,Diesel,0
1211,2011,Mercedes-Benz,1150000,73000,Diesel,0
1212,2018,Mercedes-Benz,3200000,15600,Diesel,1
1213,2015,Audi,1850000,58600,Diesel,0
1214,2019,Mercedes-Benz,7200000,58548,Diesel,0
1215,2015,BMW,2200000,22261,Diesel,0
1216,2018,Land Rover,4400000,28800,Diesel,1
1217,2017,Skoda,2000000,30000,Diesel,1
1218,2017,Honda,875000,43000,Diesel,0
1219,2012,Audi,1700000,76000,Diesel,0
1220,2009,Audi,1025000,65000,Petrol,0
1221,2014,Honda,785000,20000,Petrol,0
1222,2016,BMW,2600000,36000,Diesel,0
1223,2014,Ford,525000,73000,Petrol,0
1224,2016,Hyundai,675000,12000,Petrol,0
1225,2019,Ford,850000,23000,Petrol,1
1226,2020,Audi,4400000,16000,Diesel,1
1227,2013,Audi,2100000,40000,Diesel,0
1228,2012,BMW,1800000,82000,Diesel,0
1229,2019,Mahindra,2700000,30000,Diesel,1
1230,2017,Mercedes-Benz,4500000,17000,Diesel,1
1231,2013,Honda,425000,100000,Diesel,0
1232,2013,Hyundai,410000,83000,Diesel,0
1233,2018,Hyundai,1250000,38000,Diesel,0
1234,2012,Honda,525000,40000,Petrol,0
1235,2016,BMW,5650000,54000,Diesel,0
1236,2014,BMW,2250000,55000,Diesel,0
1237,2021,Ford,3850000,8000,Diesel,1
1238,2014,Fiat,2000000,18000,Petrol,0
1239,2019,Honda,900000,11505,Petrol,1
1240,2018,Toyota,2150000,7686,Diesel,1
1241,2019,Honda,900000,1664,Petrol,1
1242,2016,Hyundai,1090000,69138,Diesel,0
1243,2020,Toyota,2790000,2762,Diesel,1
1244,2017,Honda,800000,4593,Petrol,1
1245,2015,Maruti Suzuki,725000,75000,Diesel,0
1246,2013,Toyota,1100000,107000,Diesel,0
1247,2016,Honda,810000,62000,Diesel,0
1248,2008,Hyundai,170000,63000,Petrol,0
1249,2014,Renault,565000,25000,Petrol,0
1250,2015,Hyundai,400000,40000,Petrol,0
1251,2018,Hyundai,1025000,40000,Diesel,0
1252,2010,Tata,80000,10001,Petrol,0
1253,2019,Hyundai,1195000,10000,Petrol,1
1254,2016,Mahindra,875000,38000,Diesel,0
1255,2019,Maruti Suzuki,1150000,14000,Diesel,1
1256,2019,Honda,790000,11000,Petrol,1
1257,2018,Mahindra,1290000,29000,Diesel,1
1258,2020,Mahindra,990000,2000,Petrol,1
1259,2019,Hyundai,925000,24800,Petrol,1
1260,2020,Mahindra,1390000,25000,Diesel,1
1261,2017,Honda,875000,46000,Diesel,0
1262,2018,Ford,1090000,20000,Diesel,1
1263,2020,Mahindra,1390000,25000,Diesel,1
1264,2018,Ford,1090000,20000,Diesel,1
1265,2021,Ford,3850000,8000,Diesel,1
1266,2017,Honda,875000,46000,Diesel,0
1267,2019,Hyundai,1195000,10000,Petrol,1
1268,2019,Skoda,1175000,10000,Petrol,1
1269,2019,Jeep,2190000,24000,Petrol,1
1270,2018,Mahindra,1290000,29000,Diesel,1
1271,2019,Hyundai,925000,24800,Petrol,1
1272,2020,Mahindra,990000,2000,Petrol,1
1273,2014,Honda,790000,20000,Petrol,0
1274,2015,Volkswagen,620000,54000,Diesel,0
1275,2010,Maruti Suzuki,285000,72000,Petrol,0
1276,2014,Audi,1850000,72000,Diesel,0
1277,2016,Hyundai,630000,5700,Petrol,0
1278,2014,Mahindra,540000,180000,Diesel,0
1279,2018,Hyundai,1250000,40000,Diesel,0
1280,2013,Ford,650000,60000,Petrol,0
1281,2012,Honda,525000,40000,Petrol,0
1282,2012,Honda,750000,65000,Petrol,0
1283,2011,Honda,490000,80000,Petrol,0
1284,2019,Hyundai,625000,33000,Petrol,0
1285,2020,Renault,530000,11500,Petrol,1
1286,2019,Volvo,5600000,40000,Diesel,0
1287,2019,Volvo,5600000,40000,Diesel,0
1288,2020,Renault,530000,11500,Petrol,1
1289,2010,Mercedes-Benz,2400000,57000,Diesel,0
1290,2005,Mercedes-Benz,550000,74000,Petrol,0
1291,2011,Mercedes-Benz,1250000,97000,Diesel,0
1292,2007,Honda,475000,120000,Petrol,0
1293,2021,Hyundai,1050000,2000,Petrol,1
1294,2016,Hyundai,630000,57000,Petrol,0
1295,2014,Jaguar,2200000,78000,Diesel,0
1296,2019,Volkswagen,2850000,25000,Diesel,1
1297,2015,Volkswagen,600000,66000,Petrol,0
1298,2016,BMW,5650000,54000,Diesel,0
1299,2012,Maruti Suzuki,300000,76000,Petrol,0
1300,2019,Maruti Suzuki,390000,13000,Petrol,1
1301,2018,Maruti Suzuki,950000,25000,Petrol,1
1302,2012,Hyundai,375000,66000,Petrol,0
1303,2014,Volkswagen,575000,86000,Diesel,0
1304,2018,Jeep,1650000,39500,Diesel,0
1305,2004,Toyota,500000,70500,Petrol,0
1306,2011,Audi,1200000,44000,Diesel,0
1307,2011,Honda,750000,65000,Petrol,0
1308,2015,Volkswagen,700000,50000,Petrol,0
1309,2014,BMW,2250000,55000,Diesel,0
1310,2019,BMW,5190000,53000,Diesel,0
1311,2019,Maruti Suzuki,390000,13000,Petrol,1
1312,2012,Maruti Suzuki,300000,76000,Petrol,0
1313,2017,Land Rover,3550000,80400,Diesel,0
1314,2007,BMW,1800000,30900,Petrol,0
1315,2015,BMW,3800000,40500,Diesel,0
1316,2018,BMW,4900000,39000,Diesel,0
1317,2014,BMW,2250000,55000,Diesel,0
1318,2014,Mahindra,1050000,58200,Diesel,0
1319,2019,Volkswagen,2850000,25000,Diesel,1
1320,2012,Toyota,1200000,108000,Diesel,0
1321,2012,Hyundai,375000,66000,Petrol,0
1322,2012,Honda,550000,55000,Petrol,0
1323,2011,Volvo,1150000,80000,Diesel,0
1324,2019,Toyota,2175000,39900,Diesel,0
1325,2013,Volkswagen,475000,66000,Petrol,0
1326,2016,Maruti Suzuki,610000,15000,Petrol,0
1327,2015,Hyundai,950000,79900,Diesel,0
1328,2011,Hyundai,360000,22000,Petrol,0
1329,2012,Audi,1450000,55000,Diesel,0
1330,2016,Honda,790000,45000,Petrol,0
1331,2019,Mahindra,1650000,19900,Diesel,1
1332,2019,Hyundai,1300000,4000,Petrol,1
1333,2012,Mercedes-Benz,2400000,148000,Diesel,0
1334,2018,Hyundai,650000,18000,Petrol,1
1335,2019,Mahindra,1650000,19900,Diesel,1
1336,2012,Mahindra,800000,85000,Diesel,0
1337,2013,Audi,2150000,83000,Diesel,0
1338,2016,Honda,790000,45000,Petrol,0
1339,2014,Hyundai,550000,52000,Diesel,0
1340,2016,Maruti Suzuki,425000,35000,Petrol,0
1341,2016,Toyota,1700000,79900,Diesel,0
1342,2012,Audi,1450000,55000,Diesel,0
1343,2018,Renault,925000,50000,Diesel,0
1344,2015,Toyota,1350000,85000,Diesel,0
1345,2015,Mercedes-Benz,2350000,43000,Diesel,0
1346,2012,Mercedes-Benz,2400000,148000,Diesel,0
1347,2015,Hyundai,575000,39000,Petrol,0
1348,2018,Hyundai,1200000,19900,Petrol,1
1349,2017,Maruti Suzuki,470000,51000,Petrol,0
1350,2017,Land Rover,3500000,30980,Diesel,0
1351,2016,Audi,1395000,72000,Diesel,0
1352,2014,BMW,2800000,27000,Diesel,0
1353,2018,Hyundai,650000,18000,Petrol,1
1354,2015,Maruti Suzuki,675000,62000,Petrol,0
1355,2016,Hyundai,770000,175000,Diesel,0
1356,2011,Nissan,225000,51000,Petrol,0
1357,2016,Hyundai,925000,40000,Diesel,0
1358,2019,Hyundai,1125000,14000,Petrol,1
1359,2016,Ford,680000,69000,Petrol,0
1360,2011,Nissan,225000,51000,Petrol,0
1361,2016,Hyundai,925000,40000,Diesel,0
1362,2017,Hyundai,380000,62000,Diesel,0
1363,2018,Maruti Suzuki,825000,22000,Petrol,1
1364,2020,Toyota,2550000,9500,Diesel,1
1365,2015,Volkswagen,700000,60000,Petrol,0
1366,2012,Land Rover,2350000,63000,Diesel,0
1367,2012,Hyundai,375000,66000,Petrol,0
1368,2018,Audi,2650000,81296,Diesel,0
1369,2017,Maruti Suzuki,650000,32000,Petrol,0
1370,2012,Mercedes-Benz,1400000,87500,Diesel,0
1371,2017,Maruti Suzuki,910000,48000,Diesel,0
1372,2019,Hyundai,1125000,14000,Petrol,1
1373,2012,Hyundai,550000,52000,Diesel,0
1374,2018,Hyundai,1250000,38000,Diesel,0
1375,2017,Hyundai,750000,40000,Diesel,0
1376,2019,Hyundai,990000,58000,Diesel,0
1377,2011,Toyota,870000,120000,Diesel,0
1378,2018,Maruti Suzuki,870000,38000,Petrol,0
1379,2015,Hyundai,325000,54000,Petrol,0
1380,2015,Mahindra,750000,64000,Diesel,0
1381,2012,BMW,1385000,59000,Diesel,0
1382,2010,Maruti Suzuki,240000,90000,Petrol,0
1383,2008,Hyundai,250000,73000,Petrol,0
1384,2016,Ford,475000,40000,Diesel,0
1385,2016,Ford,2225000,65000,Diesel,0
1386,2016,Renault,690000,70000,Diesel,0
1387,2014,Hyundai,515000,29000,Petrol,0
1388,2015,Hyundai,325000,54000,Petrol,0
1389,2019,Kia,1590000,7000,Petrol,1
1390,2019,Ford,890000,45000,Diesel,0
1391,2016,Ford,2090000,74000,Diesel,0
1392,2012,Mahindra,750000,130000,Diesel,0
1393,2016,Ford,575000,68000,Diesel,0
1394,2017,Honda,725000,13000,Petrol,1
1395,2016,Mahindra,675000,64000,Diesel,0
1396,2011,Ford,950000,60000,Diesel,0
1397,2017,Hyundai,550000,44000,Petrol,0
1398,2017,Ford,2290000,61000,Diesel,0
1399,2014,Toyota,1149000,112000,Diesel,0
1400,2012,BMW,1385000,59000,Diesel,0
1401,2017,Ford,2400000,90000,Diesel,0
1402,2012,Mahindra,650000,135000,Diesel,0
1403,2016,BMW,3400000,40000,Diesel,0
1404,2013,Toyota,1250000,130000,Diesel,0
1405,2019,Maruti Suzuki,600000,62000,Diesel,0
1406,2017,Hyundai,380000,65000,Diesel,0
1407,2012,Toyota,650000,77000,Diesel,0
1408,2013,Skoda,625000,106000,Petrol,0
1409,2016,Ford,750000,34000,Diesel,0
1410,2015,Audi,4500000,57700,Diesel,0
1411,2018,Toyota,2300000,40000,Diesel,0
1412,2017,Hyundai,380000,65000,Diesel,0
1413,2020,Hyundai,2500000,4500,Petrol,1
1414,2015,Hyundai,320000,36000,Petrol,0
1415,2019,Hyundai,1380000,32000,Petrol,0
1416,2015,Hyundai,445000,65000,Diesel,0
1417,2019,Maruti Suzuki,600000,62000,Diesel,0
1418,2017,Volvo,3950000,49855,Petrol,0
1419,2017,Ford,6500000,11100,Petrol,1
1420,2016,BMW,2600000,37000,Diesel,0
1421,2016,Jaguar,2850000,63000,Diesel,0
1422,2013,Mercedes-Benz,2400000,120000,Diesel,0
1423,2017,Maruti Suzuki,785000,49000,Petrol,0
1424,2017,Hyundai,875000,10001,Petrol,1
1425,2015,Audi,2200000,76000,Diesel,0
1426,2011,Toyota,1000000,190000,Diesel,0
1427,2017,Volkswagen,585000,38000,Petrol,0
1428,2020,Kia,1450000,3000,Petrol,1
1429,2017,Hyundai,1025000,37000,Petrol,0
1430,2019,Hyundai,995000,17000,Petrol,1
1431,2020,BMW,6800000,20000,Petrol,1
1432,2017,Tata,1075000,85000,Diesel,0
1433,2012,Renault,525000,65000,Diesel,0
1434,2015,Skoda,790000,57000,Diesel,0
1435,2017,Maruti Suzuki,485000,24000,Petrol,1
1436,2018,Maruti Suzuki,690000,35000,Petrol,0
1437,2018,Honda,750000,29000,Diesel,1
1438,2018,Honda,990000,41000,Diesel,0
1439,2019,Renault,1090000,16000,Diesel,1
1440,2017,Ford,850000,44000,Diesel,0
1441,2018,Toyota,2050000,41000,Diesel,0
1442,2015,Jaguar,2200000,77000,Diesel,0
1443,2014,BMW,1450000,63000,Diesel,0
1444,2010,Skoda,600000,104000,Diesel,0
1445,2017,Skoda,735000,112000,Diesel,0
1446,2012,Toyota,1190000,93000,Diesel,0
1447,2017,Skoda,2000000,30000,Diesel,1
1448,2019,Skoda,1090000,30000,Diesel,1
1449,2020,Volkswagen,775000,16000,Petrol,1
1450,2018,Toyota,2700000,100000,Diesel,0
1451,2018,Toyota,2050000,42500,Diesel,0
1452,2017,Toyota,2800000,420000,Diesel,0
1453,2012,Mercedes-Benz,1450000,48000,Diesel,0
1454,2011,BMW,1275000,64000,Diesel,0
1455,2018,Toyota,2700000,100000,Diesel,0
1456,2018,Toyota,2050000,42500,Diesel,0
1457,2016,Mercedes-Benz,5200000,82420,Diesel,0
1458,2011,Mercedes-Benz,1150000,73000,Diesel,0
1459,2018,Mercedes-Benz,3200000,15600,Diesel,1
1460,2015,Audi,1850000,58600,Diesel,0
1461,2019,Mercedes-Benz,7200000,58548,Diesel,0
1462,2015,BMW,2200000,22261,Diesel,0
1463,2018,Land Rover,4400000,28800,Diesel,1
1464,2017,Skoda,2000000,30000,Diesel,1
1465,2017,Honda,875000,43000,Diesel,0
1466,2012,Audi,1700000,76000,Diesel,0
1467,2009,Audi,1025000,65000,Petrol,0
1468,2014,Honda,785000,20000,Petrol,0
1469,2016,BMW,2600000,36000,Diesel,0
1470,2014,Ford,525000,73000,Petrol,0
1471,2016,Hyundai,675000,12000,Petrol,0
1472,2019,Ford,850000,23000,Petrol,1
1473,2020,Audi,4400000,16000,Diesel,1
1474,2013,Audi,2100000,40000,Diesel,0
1475,2012,BMW,1800000,82000,Diesel,0
1476,2019,Mahindra,2700000,30000,Diesel,1
1477,2017,Mercedes-Benz,4500000,17000,Diesel,1
1478,2007,Maruti Suzuki,175000,71488,Petrol,0
1479,2018,Maruti Suzuki,630000,32228,Petrol,0
1480,2021,Volkswagen,1015000,11000,Petrol,1
1481,2016,Maruti Suzuki,700000,83508,Diesel,0
1482,2015,Volkswagen,525000,40119,Petrol,0
1483,2015,MINI,2300000,40614,Diesel,0
1484,2017,Toyota,1795000,30889,Diesel,0
1485,2015,BMW,2400000,85200,Diesel,0
1487,2017,Hyundai,495000,43712,Petrol,0
1488,2010,Hyundai,270000,75000,Petrol,0
1489,2011,Maruti Suzuki,280000,48000,Petrol,0
1490,2012,Honda,450000,71000,Petrol,0
1491,2008,Hyundai,190000,77000,Petrol,0
1492,2011,Maruti Suzuki,320000,72000,Diesel,0
1493,2012,Maruti Suzuki,295000,56000,Petrol,0
1494,2014,Maruti Suzuki,375000,20000,Petrol,0
1495,2012,Volkswagen,397000,59908,Petrol,0
1496,2013,Honda,410000,60176,Petrol,0
1497,2015,Hyundai,460000,50262,Petrol,0
1498,2014,Renault,525000,93802,Diesel,0
1499,2015,Ford,600000,99499,Diesel,0
1500,2016,Hyundai,335000,23797,Petrol,0
1501,2015,Hyundai,575000,42000,Petrol,0
1502,2018,Mercedes-Benz,4250000,55000,Diesel,0
1503,2020,Hyundai,2600000,10000,Diesel,1
1504,2017,Hyundai,675000,31414,Petrol,0
1505,2016,Mercedes-Benz,3900000,93000,Diesel,0
1506,2013,Hyundai,325000,29708,Petrol,0
1507,2016,Hyundai,650000,24694,Petrol,0
1508,2018,Hyundai,580000,9500,Petrol,1
1509,2018,Maruti Suzuki,680000,22838,Diesel,1
1510,2018,Tata,900000,16900,Diesel,1
1511,2015,Maruti Suzuki,510000,26000,Petrol,0
1512,2018,Maruti Suzuki,505000,78000,Petrol,0
1513,2016,Maruti Suzuki,430000,83000,Petrol,0
1514,2014,Nissan,405000,52000,Petrol,0
1515,2017,Maruti Suzuki,630000,95000,Diesel,0
1516,2011,Maruti Suzuki,295000,70000,Petrol,0
1517,2016,Hyundai,490000,46000,Petrol,0
1518,2020,Honda,900000,8000,Petrol,1
1519,2016,Maruti Suzuki,730000,83000,Diesel,0
1520,2011,Maruti Suzuki,330000,79000,Diesel,0
1521,2020,Honda,990000,7700,Petrol,1
1522,2010,Honda,345000,83000,Petrol,0
1523,2012,Honda,320000,47000,Petrol,0
1524,2015,Honda,410000,19000,Petrol,0
1525,2014,Maruti Suzuki,525000,64000,Petrol,0
1526,2016,Volkswagen,740000,67000,Diesel,0
1527,2016,Maruti Suzuki,750000,79000,Diesel,0
1528,2014,Honda,455000,70000,Diesel,0
1529,2008,Tata,190000,35000,Diesel,0
1530,2018,Honda,730000,18000,Petrol,1
1531,2016,Honda,560000,72000,Diesel,0
1532,2014,Honda,465000,97000,Diesel,0
1533,2017,Toyota,1795000,30889,Diesel,0
1534,2017,Maruti Suzuki,630000,95000,Diesel,0
1535,2010,Honda,345000,83000,Petrol,0
1536,2018,Tata,750000,81000,Petrol,0
1537,2015,Mercedes-Benz,13000000,13000,Petrol,0
1538,2016,Volkswagen,540000,24372,Petrol,0
1539,2015,Hyundai,515000,38660,Petrol,0
1540,2010,Hyundai,355000,53216,Petrol,0
1541,2014,Maruti Suzuki,385000,44463,Petrol,0
1542,2011,Maruti Suzuki,220000,51921,Petrol,0
1543,2011,Ford,215000,75732,Petrol,0
1544,2015,Hyundai,435000,98265,Petrol,0
1545,2016,Maruti Suzuki,420000,59105,Petrol,0
1546,2011,Skoda,250000,81428,Petrol,0
1547,2011,BMW,1275000,91000,Diesel,0
1548,2011,Mercedes-Benz,795000,81000,Diesel,0
1549,2014,BMW,2250000,50000,Diesel,0
1550,2016,Tata,4500000,61352,Petrol,0
1551,2020,MG,1800000,17500,Petrol,1
1552,2018,Jaguar,5550000,20518,Diesel,1
1553,2014,Honda,465000,98000,Diesel,0
1554,2016,Mitsubishi,1550000,104248,Diesel,0
1555,2013,Tata,575000,75000,Diesel,0
1556,2012,Mercedes-Benz,1275000,72000,Diesel,0
1557,2014,Toyota,675000,99350,Petrol,0
1558,2015,Mitsubishi,1275000,99400,Diesel,0
1559,2010,Mitsubishi,595000,91000,Petrol,0
1560,2012,Volkswagen,675000,102000,Diesel,0
1561,2014,Volkswagen,475000,75000,Diesel,0
1562,2019,MG,1825000,32000,Petrol,0
1563,2014,Audi,2100000,71000,Diesel,0
1564,2012,Jaguar,2675000,71000,Petrol,0
1565,2013,Volkswagen,470000,71000,Diesel,0
1566,2006,BMW,680000,100004,Petrol,0
1567,2013,Audi,1380000,48000,Diesel,0
1568,2014,Volkswagen,528000,82000,Petrol,0
1569,2013,Audi,2000000,67000,Diesel,0
1570,2009,Mercedes-Benz,1220000,98000,Petrol,0
1571,2016,Audi,2450000,89000,Diesel,0
1572,2014,Jaguar,1675000,99800,Diesel,0
1573,2016,Land Rover,3600000,91000,Diesel,0
1574,2011,Mercedes-Benz,975000,55000,Diesel,0
1575,2011,Skoda,575000,102000,Diesel,0
1576,2016,Maruti Suzuki,750000,72000,Diesel,0
1577,2014,Mercedes-Benz,1950000,99000,Diesel,0
1578,2017,Maruti Suzuki,850000,57218,Diesel,0
1579,2018,Tata,910000,30000,Diesel,1
1580,2018,Hyundai,1275000,55600,Diesel,0
1581,2014,Maruti Suzuki,690000,77000,Diesel,0
1582,2019,Maruti Suzuki,875000,61000,Diesel,0
1585,2016,Maruti Suzuki,750000,72000,Diesel,0
1586,2018,Hyundai,1275000,55600,Diesel,0
1587,2018,Tata,910000,30000,Diesel,1
1588,2014,Maruti Suzuki,690000,77000,Diesel,0
1589,2017,Maruti Suzuki,850000,57218,Diesel,0
1590,2015,Hyundai,450000,79461,Petrol,0
1591,2018,Renault,695000,67000,Diesel,0
1592,2014,Honda,350000,76200,Petrol,0
1593,2015,Audi,2100000,115000,Diesel,0
1594,2012,Hyundai,335000,76000,Petrol,0
1595,2010,Volkswagen,295000,41000,Petrol,0
1596,2013,Hyundai,340000,508881,Petrol,0
1597,2017,Maruti Suzuki,390000,28696,Petrol,1
1598,2017,Ford,675000,107079,Diesel,0
1599,2013,Maruti Suzuki,280000,40409,Petrol,0
1600,2013,Honda,295000,58203,Petrol,0
1601,2018,Maruti Suzuki,640000,56948,Petrol,0
1602,2016,Mahindra,1200000,145368,Diesel,0
1603,2013,Volkswagen,400000,110369,Diesel,0
1604,2009,Maruti Suzuki,235000,17014,Petrol,0
1605,2015,Maruti Suzuki,400000,59509,Petrol,0
1606,2016,Maruti Suzuki,450000,31600,Petrol,0
1607,2018,Maruti Suzuki,440000,6800,Petrol,1
1608,2014,Ford,550000,32800,Petrol,0
1609,2013,Mercedes-Benz,1699000,67000,Diesel,0
1610,2013,Audi,1375000,79000,Diesel,0
1611,2015,Audi,1675000,100000,Diesel,0
1613,2008,BMW,599000,170306,Petrol,0
1614,2015,Hyundai,300000,11500,Petrol,0
1615,2019,Toyota,3800000,13500,Diesel,1
1616,2007,Hyundai,110000,87000,Petrol,0
1617,2015,Volkswagen,525000,40119,Petrol,0
1618,2017,Skoda,675000,108500,Diesel,0
1619,2010,Honda,400000,118000,Petrol,0
1620,2011,Ford,285000,70738,Diesel,0
1621,2009,Honda,481000,117136,Petrol,0
1622,2017,Audi,5500000,55000,Diesel,0
1623,2016,Hyundai,598000,42000,Petrol,0
1624,2014,Mercedes-Benz,4600000,47000,Diesel,0
1625,2014,Honda,650000,124000,Diesel,0
1626,2015,Hyundai,425000,81911,Petrol,0
1629,2013,Maruti Suzuki,440000,89869,Petrol,0
1630,2014,Chevrolet,210000,74873,Petrol,0
1631,2018,Tata,725000,82169,Diesel,0
1632,2011,Hyundai,275000,62000,Petrol,0
1633,2016,Mercedes-Benz,2900000,44500,Diesel,0
1634,2013,Audi,1700000,45477,Diesel,0
1635,2013,Hyundai,530000,45588,Petrol,0
1636,2013,Maruti Suzuki,275000,56498,Petrol,0
1637,2012,Honda,275000,39877,Petrol,0
1638,2018,Maruti Suzuki,450000,29628,Petrol,1
1639,2011,Mahindra,520000,75000,Diesel,0
1640,2012,Chevrolet,405000,87387,Diesel,0
1641,2015,Mercedes-Benz,2740000,63000,Diesel,0
1642,2018,Maruti Suzuki,750000,83074,Diesel,0
1643,2018,Mahindra,450000,60484,Petrol,0
1644,2013,BMW,1425000,74000,Diesel,0
1645,2018,Hyundai,575000,12000,Petrol,1
1646,2012,Skoda,400000,58000,Diesel,0
1647,2013,Audi,1650000,67000,Diesel,0
1648,2017,Hyundai,490000,38500,Petrol,0
1649,2018,Hyundai,1150000,66563,Diesel,0
1650,2019,MINI,5300000,700,Petrol,1
1651,2017,Maruti Suzuki,925000,39000,Diesel,0
1652,2010,Toyota,1075000,141000,Diesel,0
1653,2015,Toyota,1000000,142502,Diesel,0
1654,2019,Tata,1650000,49997,Diesel,0
1655,2019,Maruti Suzuki,675000,11233,Petrol,1
1656,2018,Maruti Suzuki,850000,77000,Diesel,0
1657,2019,MINI,5300000,700,Petrol,1
1658,2018,Hyundai,1150000,66563,Diesel,0
1659,2013,Audi,1650000,67000,Diesel,0
1660,2012,Skoda,400000,58000,Diesel,0
1661,2017,Hyundai,490000,38500,Petrol,0
1662,2016,Toyota,1150000,132000,Diesel,0
1663,2017,Maruti Suzuki,925000,39000,Diesel,0
1664,2019,Volkswagen,1250000,12000,Diesel,1
1665,2015,Honda,620000,65000,Diesel,0
1666,2010,Honda,330000,72000,Petrol,0
1667,2015,BMW,2400000,85200,Diesel,0
1668,2015,Maruti Suzuki,510000,30000,Petrol,0
1669,2016,BMW,3800000,53000,Diesel,0
1670,2016,Maruti Suzuki,345000,37000,Petrol,0
1671,2020,BMW,11500000,9000,Diesel,1
1672,2011,Mahindra,520000,75000,Diesel,0
1673,2012,Chevrolet,405000,87387,Diesel,0
1674,2018,Toyota,1650000,103357,Diesel,0
1675,2021,Volkswagen,1015000,11000,Petrol,1
1676,2015,Toyota,1651000,81000,Petrol,0
1677,2018,Audi,2750000,33000,Diesel,0
1678,2015,Toyota,1651000,81000,Petrol,0
1679,2017,Volvo,3800000,50000,Diesel,0
1680,2013,Tata,140000,10000,Petrol,0
1681,2011,Tata,95000,48405,Petrol,0
1682,2009,Maruti Suzuki,250000,52080,Petrol,0
1683,2018,Maruti Suzuki,915000,62665,Diesel,0
1684,2017,Tata,1330000,49558,Diesel,0
1685,2009,Maruti Suzuki,185000,31632,Petrol,0
1686,2013,Maruti Suzuki,260000,61923,Petrol,0
1687,2016,Hyundai,520000,49899,Petrol,0
1688,2014,Maruti Suzuki,385000,49606,Petrol,0
1689,2014,Volkswagen,680000,57770,Diesel,0
1690,2007,Mercedes-Benz,1290000,68500,Diesel,0
1691,2016,Hyundai,1050000,75106,Diesel,0
1692,2018,Jaguar,4350000,55200,Diesel,0
1693,2015,MINI,2300000,40614,Diesel,0
1694,2019,Maruti Suzuki,710000,12500,Petrol,1
1695,2015,Ford,700000,51985,Petrol,0
1697,2011,Volkswagen,320000,63000,Petrol,0
1698,2014,Volkswagen,400000,67500,Petrol,0
1699,2016,Honda,635000,51000,Petrol,0
1700,2016,Toyota,525000,102000,Diesel,0
1701,2019,Hyundai,750000,53347,Petrol,0
1703,2007,Mercedes-Benz,1290000,68500,Diesel,0
1704,2018,Hyundai,1475000,42000,Diesel,0
1705,2018,Jaguar,4350000,55200,Diesel,0
1706,2019,Maruti Suzuki,710000,12500,Petrol,1
1707,2018,Ford,3000000,27000,Diesel,1
1708,2016,Maruti Suzuki,640000,28000,Petrol,0
1709,2018,Hyundai,360000,33000,Petrol,0
1710,2010,Maruti Suzuki,165000,38000,Petrol,0
1711,2017,Hyundai,999000,49000,Diesel,0
1712,2014,Honda,565000,24010,Petrol,0
1713,2020,Hyundai,1725000,13000,Diesel,1
1714,2014,Mahindra,775000,90000,Diesel,0
1715,2009,Maruti Suzuki,180000,55000,Petrol,0
1716,2012,Toyota,355000,55000,Diesel,0
1717,2012,Maruti Suzuki,575000,56011,Diesel,0
1718,2017,Honda,960000,49000,Petrol,0
1719,2021,Ford,950000,3681,Diesel,1
1720,2015,Hyundai,290000,38000,Petrol,0
1721,2011,Bentley,7500000,36000,Petrol,0
1722,2008,Mahindra-Renault,185000,142522,Diesel,0
1723,1990,Mahindra,325000,18581,Diesel,0
1724,2017,Hyundai,1395000,31028,Diesel,0
